arm,K,seeds,mean,mean_ci_t,worst,worst_domain,sd_across,range,mean_within_sd,worst_ci_seed,mean_ci_seed,worst_ci_domain,mean_ci_domain,worst_ci_two_stage,mean_ci_two_stage,ece_mean,ece_worst,dom_canine cutaneous mast cell tumor,dom_canine lung cancer,dom_canine lymphosarcoma,dom_canine soft tissue sarcoma,dom_human breast cancer,dom_human melanoma,dom_human neuroendocrine tumor
probe_convnext_tiny_imagenet,7,3,0.7152471345662657,"[0.665483451121219, 0.7650108180113123]",0.6214065421846339,canine lymphosarcoma,0.0538075495676428,0.15683710737472334,0.004046109726529453,"[0.6191217199693618, 0.6228629392072123]","[0.7134484170838595, 0.7169107899310393]","[0.6214065421846339, 0.7059760408034945]","[0.6764955500280886, 0.7500800420776047]","[0.6191217199693618, 0.7059760408034945]","[0.6763501804017272, 0.7499632789638451]",0.12718526865469673,0.1787768791307157,0.7059760408034945,0.6810534924763715,0.6214065421846339,0.7782436495593572,0.7626150214859972,0.7478893850372111,0.7095458104167944
probe_resnet18_imagenet,7,3,0.6685722972837714,"[0.6233096564738955, 0.7138349380936474]",0.6033637913663995,canine lymphosarcoma,0.04894074594838357,0.12991224475812646,0.007392326384556613,"[0.5947156973020916, 0.6092773336850712]","[0.6657907675674442, 0.671327626289466]","[0.6033637913663995, 0.6393028095711787]","[0.6360386132814436, 0.7019796721205739]","[0.5947156973020916, 0.6456941378009292]","[0.6352147542692997, 0.7026411644982385]",0.10496049018198413,0.18242446225751396,0.6393028095711787,0.6479269795003925,0.6033637913663995,0.733276036124526,0.7075928989089793,0.7133994516255386,0.6351441138893851
probe_resnet50_imagenet,7,3,0.6136809440956981,"[0.5842880113604693, 0.6430738768309269]",0.5681742678047829,canine lymphosarcoma,0.03178144332574803,0.10174180542650679,0.009985278995957428,"[0.5523436933999856, 0.5819750516555559]","[0.6097990181084861, 0.6175963068805597]","[0.5681742678047829, 0.6036670583627105]","[0.5928096320439871, 0.6366821998929426]","[0.5523436933999856, 0.6062086948825541]","[0.5922880261940451, 0.6370120786657405]",0.33163148028254436,0.38614213444768847,0.6084978512058351,0.5947202390835132,0.5681742678047829,0.6699160732312897,0.6311400517056985,0.6036670583627105,0.6196510672760563
probe_resnet50_lunit_bt,7,3,0.8018596445778561,"[0.7636359587272648, 0.8400833304284474]",0.7333275461943143,canine lymphosarcoma,0.041329795720104014,0.10941333399995046,0.0043172987770767664,"[0.7204063639621129, 0.7410140574670024]","[0.7999820055622859, 0.803509953376931]","[0.7333275461943143, 0.7995006525765501]","[0.7724665228898203, 0.8281599174078708]","[0.7204063639621129, 0.8014912050550093]","[0.7715334536803101, 0.8281214666088685]",0.18269050710954218,0.23412724505493857,0.7995006525765501,0.7593201370056759,0.7333275461943143,0.8427408801942647,0.8284247460567374,0.8371569134351743,0.8125466365822757
probe_resnet50_lunit_mocov2,7,3,0.7585503161215079,"[0.7206571310529927, 0.7964435011900232]",0.685667430288165,canine lymphosarcoma,0.040972437984852346,0.11908211926138457,0.007345963003125735,"[0.6792373769117955, 0.6982430851155041]","[0.7551842478926848, 0.7616943482282721]","[0.685667430288165, 0.7507744005412583]","[0.7290832902027273, 0.7844765846695981]","[0.6792373769117955, 0.7597542772355413]","[0.7279460941326458, 0.7848824484691744]",0.23032323989422981,0.2981390682606128,0.7694969172757764,0.7300028901556379,0.685667430288165,0.7963229379825926,0.7728380870575752,0.8047495495495496,0.7507744005412583
probe_resnet50_lunit_swav,7,3,0.6970925262888555,"[0.6585369347245649, 0.7356481178531462]",0.6118802309847734,canine lymphosarcoma,0.041688672553676503,0.11726275127191932,0.014315628402571362,"[0.6027765925614219, 0.6223633089531807]","[0.6919029586931387, 0.7022123349570832]","[0.6118802309847734, 0.7010931347529942]","[0.665777511054073, 0.7208339301467277]","[0.6027765925614219, 0.7011162587651087]","[0.664647920790019, 0.7216113341304226]",0.2950263893850126,0.3642020538324225,0.7255534946035286,0.7010931347529942,0.6118802309847734,0.7128240430001909,0.7291429822566927,0.7225273795534665,0.6766264188703422
probe_vit_b16_imagenet,7,3,0.7115786412794645,"[0.6844365584072079, 0.7387207241517211]",0.6728977500548897,canine lymphosarcoma,0.029347686272676542,0.07593180439110081,0.006437605387928384,"[0.6679612967376499, 0.6779400174314323]","[0.7087822166212022, 0.7148306954298255]","[0.6728977500548897, 0.7010901583318705]","[0.6919654796715742, 0.7317589409614712]","[0.6679612967376499, 0.7010901583318705]","[0.6910378815861883, 0.7320122951564755]",0.15986336700109657,0.23767907599982094,0.7010901583318705,0.6834992610630444,0.6728977500548897,0.7488295544459905,0.7433420670375671,0.72878401880141,0.702607679221479
probe_vit_b16_swag,7,3,0.6858491708593207,"[0.6485442246653822, 0.7231541170532593]",0.6267601699029649,canine lymphosarcoma,0.04033639800126965,0.11337777994833531,0.009871786095746612,"[0.6242071436594366, 0.629725712751142]","[0.6808575857097328, 0.6903164238809146]","[0.6267601699029649, 0.670589249421699]","[0.658601036209661, 0.712950046285904]","[0.6242071436594366, 0.670589249421699]","[0.6578273039702345, 0.7133342527524467]",0.168491457571298,0.29408797999421493,0.6785209509266211,0.6523585514785913,0.6267601699029649,0.7401379498513002,0.7107184916882797,0.7218588327457892,0.670589249421699
probe_vit_s16_lunit_dino,7,3,0.7547363199622152,"[0.7202207474647846, 0.7892518924596459]",0.7166204446740171,canine lung cancer,0.0373203559190297,0.08692769476977458,0.006735163822957633,"[0.7130825662122358, 0.7191113078876651]","[0.7516480358213, 0.7582972023985984]","[0.7166204446740171, 0.7294073455602038]","[0.7309131082190577, 0.7808261462501366]","[0.7130825662122358, 0.729407345560204]","[0.7300706997903391, 0.7814519683803511]",0.09614329034318063,0.13451609175420046,0.7294073455602038,0.7166204446740171,0.7202180544932121,0.7944611606777441,0.7825350465038706,0.8035481394437917,0.7363640483826677
