cohort,arm,fold,m,predicted,observed
canine,he_jitter,3,25,0.0,0.0
canine,he_jitter,3,50,0.4083215796897038,0.5716666666666667
canine,he_jitter,3,100,0.6664315937940761,0.9366666666666665
canine,he_jitter,3,200,0.8046544428772919,1.0
canine,he_jitter,3,400,0.8857545839210155,1.0
midogpp,fish,5,25,0.0,0.0
midogpp,fish,5,50,0.0,0.0
midogpp,fish,5,100,0.30439223697650664,0.37166666666666665
midogpp,fish,5,200,0.609805924412666,0.7916666666666666
midogpp,fish,5,400,0.7701736465781409,0.985
c17,sam,3,25,0.8619934282584885,0.9700000000000001
c17,sam,3,50,0.9173055859802848,0.9983333333333334
c17,sam,3,100,0.9589266155531215,1.0
c17,sam,3,200,0.9808324205914567,0.9966666666666667
c17,sam,3,400,0.9819277108433735,1.0
c17,macenko,0,25,0.8412438625204582,0.9683333333333333
c17,macenko,0,50,0.9078014184397163,0.9983333333333334
c17,macenko,0,100,0.9509001636661211,0.9966666666666667
c17,macenko,0,200,0.966721222040371,1.0
c17,macenko,0,400,0.983633387888707,1.0
c17,he_jitter_lunit_bt,1,25,0.8865096359743041,0.7283333333333334
c17,he_jitter_lunit_bt,1,50,0.9395074946466809,0.8233333333333334
c17,he_jitter_lunit_bt,1,100,0.9630620985010707,0.8850000000000001
c17,he_jitter_lunit_bt,1,200,0.978051391862955,0.9616666666666666
c17,he_jitter_lunit_bt,1,400,0.9887580299785867,0.9933333333333333
midogpp,simclr,2,25,0.8530054644808743,0.7849999999999999
midogpp,simclr,2,50,0.8573770491803279,0.7975
midogpp,simclr,2,100,0.8896174863387978,0.8400000000000001
midogpp,simclr,2,200,0.9382513661202185,0.875
midogpp,simclr,2,400,0.9606557377049181,0.9524999999999999
midogpp,simclr,1,25,0.8444200109950523,0.725
midogpp,simclr,1,50,0.8493677844969764,0.7016666666666667
midogpp,simclr,1,100,0.9054425508521166,0.7450000000000001
midogpp,simclr,1,200,0.9395272127542605,0.8133333333333334
midogpp,simclr,1,400,0.9587685541506322,0.8866666666666666
canine,sam,4,25,0.0,0.0
canine,sam,4,50,0.0,0.0025
canine,sam,4,100,0.4914361001317523,0.1325
canine,sam,4,200,0.7378129117259552,0.2975
canine,sam,4,400,0.855072463768116,0.54
c17,erm_lunit_dino,3,25,0.998,1.0
c17,erm_lunit_dino,3,50,0.999,1.0
c17,erm_lunit_dino,3,100,0.9995,1.0
c17,erm_lunit_dino,3,200,0.9995,1.0
c17,erm_lunit_dino,3,400,1.0,1.0
canine,groupdro,3,25,0.0,0.0
canine,groupdro,3,50,0.0,0.0
canine,groupdro,3,100,0.3123644251626898,0.17333333333333334
canine,groupdro,3,200,0.6203904555314533,0.5000000000000001
canine,groupdro,3,400,0.7722342733188721,0.8466666666666667
canine,erm_lunit_dino,4,25,0.4603267211201867,0.3333333333333333
canine,erm_lunit_dino,4,50,0.7508751458576429,0.47333333333333333
canine,erm_lunit_dino,4,100,0.8745624270711785,0.57
canine,erm_lunit_dino,4,200,0.9224037339556592,0.77
canine,erm_lunit_dino,4,400,0.9626604434072346,0.9166666666666666
midogpp,coral,6,25,0.7315550510783201,0.6093551088777219
midogpp,coral,6,50,0.779228149829739,0.59
midogpp,coral,6,100,0.8535754824063564,0.6566666666666667
midogpp,coral,6,200,0.9001135073779796,0.7233333333333333
midogpp,coral,6,400,0.9438138479001135,0.7983333333333333
c17,erm_lunit_dino,4,25,0.9994994994994995,0.9966666666666667
c17,erm_lunit_dino,4,50,0.9984984984984985,1.0
c17,erm_lunit_dino,4,100,0.9994994994994995,1.0
c17,erm_lunit_dino,4,200,0.9994994994994995,1.0
c17,erm_lunit_dino,4,400,1.0,1.0
midogpp,groupdro,4,25,0.5132530120481927,0.255
midogpp,groupdro,4,50,0.6783132530120481,0.365
midogpp,groupdro,4,100,0.7813253012048192,0.41
midogpp,groupdro,4,200,0.8753012048192771,0.5
midogpp,groupdro,4,400,0.9271084337349398,0.57
midogpp,he_jitter_lunit_dino,4,25,0.6103669190448456,0.5483333333333333
midogpp,he_jitter_lunit_dino,4,50,0.7344205008736168,0.6716666666666667
midogpp,he_jitter_lunit_dino,4,100,0.8281887012230634,0.8116666666666665
midogpp,he_jitter_lunit_dino,4,200,0.8881770529994176,0.9133333333333334
midogpp,he_jitter_lunit_dino,4,400,0.9400116482236459,0.985
midogpp,macenko,2,25,0.6730444569499155,0.5683333333333334
midogpp,macenko,2,50,0.7861564434440067,0.685
midogpp,macenko,2,100,0.8474957794034891,0.765
midogpp,macenko,2,200,0.9054586381541925,0.8766666666666666
midogpp,macenko,2,400,0.9471018570624649,0.9633333333333333
canine,he_jitter_lunit_dino,1,25,0.822722283205269,0.35
canine,he_jitter_lunit_dino,1,50,0.8819978046103183,0.3825
canine,he_jitter_lunit_dino,1,100,0.9242590559824369,0.3875
canine,he_jitter_lunit_dino,1,200,0.9610318331503842,0.4875
canine,he_jitter_lunit_dino,1,400,0.9807903402854007,0.62
c17,he_jitter_lunit_bt,3,25,0.45764638999431495,0.7183333333333333
c17,he_jitter_lunit_bt,3,50,0.7515633882888004,0.8099999999999999
c17,he_jitter_lunit_bt,3,100,0.9056281978396816,0.9816666666666666
c17,he_jitter_lunit_bt,3,200,0.9476975554292212,1.0
c17,he_jitter_lunit_bt,3,400,0.9783968163729392,1.0
c17,probe_resnet50_imagenet,1,25,0.9787126203750633,0.8516666666666666
c17,probe_resnet50_imagenet,1,50,0.9837810440952863,0.8333333333333334
c17,probe_resnet50_imagenet,1,100,0.9929042067916878,0.8516666666666667
c17,probe_resnet50_imagenet,1,200,0.9959452610238216,0.9116666666666666
c17,probe_resnet50_imagenet,1,400,0.9974657881398885,0.9716666666666667
c17,erm,0,25,0.5170454545454546,0.6116666666666667
c17,erm,0,50,0.7727272727272727,0.9116666666666667
c17,erm,0,100,0.8982954545454546,0.995
c17,erm,0,200,0.9534090909090909,1.0
c17,erm,0,400,0.9738636363636364,1.0
c17,probe_vit_s16_lunit_dino,3,25,0.9346576058546785,0.9866666666666667
c17,probe_vit_s16_lunit_dino,3,50,0.9623627809722948,0.9983333333333334
c17,probe_vit_s16_lunit_dino,3,100,0.978044955567172,1.0
c17,probe_vit_s16_lunit_dino,3,200,0.9837950862519603,1.0
c17,probe_vit_s16_lunit_dino,3,400,0.9942498693152118,1.0
canine,macenko,0,25,0.0,0.0
canine,macenko,0,50,0.0,0.035
canine,macenko,0,100,0.5044326241134752,0.61
canine,macenko,0,200,0.7313829787234043,0.9183333333333333
canine,macenko,0,400,0.8608156028368794,0.9983333333333334
midogpp,erm_lunit_bt,3,25,0.0,0.0
midogpp,erm_lunit_bt,3,50,0.4081769436997319,0.31
midogpp,erm_lunit_bt,3,100,0.6105898123324397,0.8216666666666667
midogpp,erm_lunit_bt,3,200,0.760053619302949,0.9700000000000001
midogpp,erm_lunit_bt,3,400,0.886058981233244,0.9966666666666667
midogpp,he_jitter_lunit_dino,5,25,0.6684057971014493,0.7833333333333333
midogpp,he_jitter_lunit_dino,5,50,0.744927536231884,0.8883333333333333
midogpp,he_jitter_lunit_dino,5,100,0.8104347826086956,0.9666666666666667
midogpp,he_jitter_lunit_dino,5,200,0.8805797101449275,0.9983333333333334
midogpp,he_jitter_lunit_dino,5,400,0.9426086956521739,1.0
midogpp,mixstyle,3,25,0.0,0.0
midogpp,mixstyle,3,50,0.224,0.016666666666666666
midogpp,mixstyle,3,100,0.5716363636363636,0.62
midogpp,mixstyle,3,200,0.7236363636363636,0.9049999999999999
midogpp,mixstyle,3,400,0.8683636363636363,0.9916666666666667
midogpp,macenko_tile,3,25,0.6977567886658795,0.8333333333333334
midogpp,macenko_tile,3,50,0.7426210153482881,0.9183333333333334
midogpp,macenko_tile,3,100,0.8122786304604487,0.9766666666666666
midogpp,macenko_tile,3,200,0.8760330578512396,0.9983333333333334
midogpp,macenko_tile,3,400,0.9315230224321134,1.0
canine,he_jitter_lunit_bt,1,25,0.5558806319485079,0.35000000000000003
canine,he_jitter_lunit_bt,1,50,0.7542422469280281,0.4383333333333333
canine,he_jitter_lunit_bt,1,100,0.8373317729666472,0.5133333333333333
canine,he_jitter_lunit_bt,1,200,0.9093036863662961,0.6483333333333333
canine,he_jitter_lunit_bt,1,400,0.9578700994733762,0.79
midogpp,irm,6,25,0.0,0.0
midogpp,irm,6,50,0.0,0.0
midogpp,irm,6,100,0.6100456621004566,0.030000000000000002
midogpp,irm,6,200,0.782648401826484,0.20833333333333334
midogpp,irm,6,400,0.891324200913242,0.4466666666666666
midogpp,macenko_tile,6,25,0.6228070175438597,0.3823115577889447
midogpp,macenko_tile,6,50,0.7187134502923976,0.505
midogpp,macenko_tile,6,100,0.8105263157894737,0.5
midogpp,macenko_tile,6,200,0.8748538011695907,0.5483333333333333
midogpp,macenko_tile,6,400,0.9450292397660819,0.6683333333333333
midogpp,erm,2,25,0.7171945701357466,0.5974999999999999
midogpp,erm,2,50,0.7963800904977375,0.575
midogpp,erm,2,100,0.8342760180995475,0.6125
midogpp,erm,2,200,0.8964932126696833,0.605
midogpp,erm,2,400,0.9423076923076923,0.6950000000000001
midogpp,erm_lunit_dino,3,25,0.4112903225806452,0.2233333333333333
midogpp,erm_lunit_dino,3,50,0.6296526054590571,0.66
midogpp,erm_lunit_dino,3,100,0.7692307692307693,0.8683333333333333
midogpp,erm_lunit_dino,3,200,0.8566997518610422,0.9566666666666666
midogpp,erm_lunit_dino,3,400,0.9205955334987593,0.9983333333333334
midog21sn,he_jitter,2,25,0.0,0.035
midog21sn,he_jitter,2,50,0.5640050697084917,0.3275
midog21sn,he_jitter,2,100,0.7160963244613435,0.4575
midog21sn,he_jitter,2,200,0.8428390367553865,0.625
midog21sn,he_jitter,2,400,0.9321926489226869,0.75
c17,sam,0,25,0.853266888150609,0.9316666666666666
c17,sam,0,50,0.8970099667774086,0.9816666666666668
c17,sam,0,100,0.9158361018826136,0.9900000000000001
c17,sam,0,200,0.9573643410852714,1.0
c17,sam,0,400,0.9772978959025471,1.0
c17,he_jitter_lunit_bt,4,25,0.8222958057395143,0.79
c17,he_jitter_lunit_bt,4,50,0.7560706401766004,0.8150000000000001
c17,he_jitter_lunit_bt,4,100,0.8990066225165563,0.9700000000000001
c17,he_jitter_lunit_bt,4,200,0.956953642384106,1.0
c17,he_jitter_lunit_bt,4,400,0.9823399558498896,1.0
canine,fish,4,25,0.0,0.0
canine,fish,4,50,0.0,0.0
canine,fish,4,100,0.5,0.155
canine,fish,4,200,0.7354430379746836,0.34833333333333333
canine,fish,4,400,0.8468354430379746,0.5783333333333333
c17,probe_vit_s16_lunit_dino,4,25,0.9899497487437185,0.93
c17,probe_vit_s16_lunit_dino,4,50,0.9899497487437185,0.9766666666666666
c17,probe_vit_s16_lunit_dino,4,100,0.992964824120603,0.9916666666666667
c17,probe_vit_s16_lunit_dino,4,200,0.9949748743718593,1.0
c17,probe_vit_s16_lunit_dino,4,400,0.9974874371859297,1.0
midogpp,tia_style,5,25,0.3517618469015796,0.3733333333333333
midogpp,tia_style,5,50,0.6452004860267315,0.65
midogpp,tia_style,5,100,0.7825030376670717,0.82
midogpp,tia_style,5,200,0.8699878493317132,0.9499999999999998
midogpp,tia_style,5,400,0.9240583232077765,0.995
midogpp,macenko,6,25,0.8699623858140785,0.7266666666666667
midogpp,macenko,6,50,0.8941429339065019,0.7050000000000001
midogpp,macenko,6,100,0.9258463191832348,0.6733333333333333
midogpp,macenko,6,200,0.9494895217624932,0.6416666666666666
midogpp,macenko,6,400,0.9709833422890919,0.6283333333333333
midog21sn,erm_lunit_bt,2,25,0.0,0.0
midog21sn,erm_lunit_bt,2,50,0.35298295454545453,0.10500000000000001
midog21sn,erm_lunit_bt,2,100,0.6107954545454546,0.33
midog21sn,erm_lunit_bt,2,200,0.7791193181818182,0.52
midog21sn,erm_lunit_bt,2,400,0.8714488636363636,0.735
midogpp,macenko_tile,4,25,0.30432136335970783,0.165
midogpp,macenko_tile,4,50,0.6202069385270846,0.49833333333333335
midogpp,macenko_tile,4,100,0.743761412051126,0.6549999999999999
midogpp,macenko_tile,4,200,0.8466220328667072,0.8133333333333334
midogpp,macenko_tile,4,400,0.9196591600730372,0.9333333333333332
c17,he_jitter_lunit_dino,4,25,0.9924471299093656,0.9966666666666667
c17,he_jitter_lunit_dino,4,50,0.9959718026183283,1.0
c17,he_jitter_lunit_dino,4,100,0.9984894259818731,1.0
c17,he_jitter_lunit_dino,4,200,0.999496475327291,1.0
c17,he_jitter_lunit_dino,4,400,0.9974823766364552,1.0
c17,coral,2,25,0.9698364008179959,0.7116666666666668
c17,coral,2,50,0.9815950920245399,0.775
c17,coral,2,100,0.9902862985685071,0.8766666666666666
c17,coral,2,200,0.995398773006135,0.9633333333333334
c17,coral,2,400,0.9989775051124744,1.0
midog21sn,coral,0,25,0.0,0.0
midog21sn,coral,0,50,0.0,0.0
midog21sn,coral,0,100,0.0,0.0
midog21sn,coral,0,200,0.3239795918367347,0.005
midog21sn,coral,0,400,0.5637755102040817,0.11166666666666668
midogpp,groupdro,1,25,0.0,0.0
midogpp,groupdro,1,50,0.35361730899256255,0.12666666666666668
midogpp,groupdro,1,100,0.6186612576064908,0.3
midogpp,groupdro,1,200,0.7579445571331981,0.4166666666666667
midogpp,groupdro,1,400,0.8782961460446247,0.625
midog21sn,he_jitter_lunit_bt,1,25,0.0,0.0
midog21sn,he_jitter_lunit_bt,1,50,0.46484375,0.21
midog21sn,he_jitter_lunit_bt,1,100,0.681640625,0.4533333333333333
midog21sn,he_jitter_lunit_bt,1,200,0.8053385416666666,0.6383333333333333
midog21sn,he_jitter_lunit_bt,1,400,0.8938802083333334,0.855
c17,sam,4,25,0.8538334252619967,0.9500000000000001
c17,sam,4,50,0.885273028130171,0.9916666666666667
c17,sam,4,100,0.9233314947600662,0.9966666666666667
c17,sam,4,200,0.9569773855488142,1.0
c17,sam,4,400,0.9740761169332598,1.0
canine,irm,3,25,0.0,0.0
canine,irm,3,50,0.0,0.0
canine,irm,3,100,0.3758099352051836,0.105
canine,irm,3,200,0.6306695464362851,0.37
canine,irm,3,400,0.8034557235421166,0.73
canine,macenko,2,25,0.0,0.0
canine,macenko,2,50,0.0,0.011666666666666667
canine,macenko,2,100,0.48158379373848986,0.6666666666666666
canine,macenko,2,200,0.7182320441988951,0.9550000000000001
canine,macenko,2,400,0.8397790055248618,1.0
c17,simclr,0,25,0.8993036957686128,0.985
c17,simclr,0,50,0.9282271023031602,0.9983333333333334
c17,simclr,0,100,0.9646491697911087,1.0
c17,simclr,0,200,0.9785752544188537,1.0
c17,simclr,0,400,0.9908944831280129,1.0
c17,lisa,4,25,0.4925028835063437,0.4583333333333333
c17,lisa,4,50,0.7952710495963091,0.7999999999999999
c17,lisa,4,100,0.8961937716262975,0.9049999999999999
c17,lisa,4,200,0.9348327566320646,0.9816666666666666
c17,lisa,4,400,0.97520184544406,1.0
midogpp,irm,3,25,0.0,0.0
midogpp,irm,3,50,0.0,0.0
midogpp,irm,3,100,0.5541463414634147,0.41333333333333333
midogpp,irm,3,200,0.7639024390243903,0.8466666666666667
midogpp,irm,3,400,0.8585365853658536,0.9899999999999999
midogpp,erm,5,25,0.23880597014925373,0.3216666666666667
midogpp,erm,5,50,0.6156716417910447,0.6983333333333334
midogpp,erm,5,100,0.7356965174129353,0.8166666666666668
midogpp,erm,5,200,0.8314676616915423,0.9550000000000001
midogpp,erm,5,400,0.9129353233830846,0.9983333333333334
canine,he_jitter_lunit_dino,4,25,0.5270964061608671,0.32833333333333337
canine,he_jitter_lunit_dino,4,50,0.7798060467769538,0.5283333333333333
canine,he_jitter_lunit_dino,4,100,0.8876212207644039,0.6133333333333334
canine,he_jitter_lunit_dino,4,200,0.939532230462065,0.81
canine,he_jitter_lunit_dino,4,400,0.9669138619509412,0.9249999999999999
midogpp,tia_style,2,25,0.5302942873629544,0.40833333333333327
midogpp,tia_style,2,50,0.7195614541257934,0.52
midogpp,tia_style,2,100,0.8251586843623774,0.5949999999999999
midogpp,tia_style,2,200,0.8863242931332949,0.7016666666666667
midogpp,tia_style,2,400,0.9388343912290825,0.8716666666666667
canine,macenko_tile,2,25,0.0,0.0
canine,macenko_tile,2,50,0.0,0.0
canine,macenko_tile,2,100,0.29324324324324325,0.155
canine,macenko_tile,2,200,0.595945945945946,0.5100000000000001
canine,macenko_tile,2,400,0.777027027027027,0.8383333333333334
midogpp,simclr,3,25,0.7599318955732123,0.8466666666666667
midogpp,simclr,3,50,0.7894438138479001,0.9349999999999999
midogpp,simclr,3,100,0.8450624290578888,0.9633333333333333
midogpp,simclr,3,200,0.8910329171396141,0.985
midogpp,simclr,3,400,0.945516458569807,1.0
midog21sn,tia_style,2,25,0.0,0.0
midog21sn,tia_style,2,50,0.24981577008106118,0.0275
midog21sn,tia_style,2,100,0.5689019896831246,0.1875
midog21sn,tia_style,2,200,0.7516580692704495,0.3125
midog21sn,tia_style,2,400,0.8739867354458364,0.4675
midogpp,erm_lunit_dino,5,25,0.4748941318814277,0.59
midogpp,erm_lunit_dino,5,50,0.6533575317604355,0.86
midogpp,erm_lunit_dino,5,100,0.779189352692075,0.9516666666666667
midogpp,erm_lunit_dino,5,200,0.8390804597701149,0.995
midogpp,erm_lunit_dino,5,400,0.9050211736237145,1.0
c17,macenko_tile,3,25,0.0,0.018333333333333333
c17,macenko_tile,3,50,0.5121255349500713,0.6683333333333334
c17,macenko_tile,3,100,0.7489300998573466,0.9466666666666667
c17,macenko_tile,3,200,0.8523537803138374,0.9983333333333334
c17,macenko_tile,3,400,0.9186875891583453,1.0
midog21sn,he_jitter_lunit_bt,2,25,0.2594458438287154,0.10833333333333334
midog21sn,he_jitter_lunit_bt,2,50,0.6120906801007556,0.38000000000000006
midog21sn,he_jitter_lunit_bt,2,100,0.7531486146095718,0.5766666666666667
midog21sn,he_jitter_lunit_bt,2,200,0.8614609571788413,0.6766666666666666
midog21sn,he_jitter_lunit_bt,2,400,0.9256926952141058,0.7949999999999999
c17,simclr,3,25,0.9051172707889126,0.9900000000000001
c17,simclr,3,50,0.9349680170575693,0.9983333333333334
c17,simclr,3,100,0.9717484008528785,1.0
c17,simclr,3,200,0.9813432835820896,1.0
c17,simclr,3,400,0.988272921108742,1.0
c17,he_jitter,1,25,0.9959919839679359,0.975
c17,he_jitter,1,50,1.0,0.9733333333333333
c17,he_jitter,1,100,0.998496993987976,0.9966666666666667
c17,he_jitter,1,200,1.0,1.0
c17,he_jitter,1,400,0.999498997995992,1.0
c17,coral,0,25,0.8851570964247021,0.9416666666666668
c17,coral,0,50,0.9241603466955579,0.9916666666666666
c17,coral,0,100,0.9512459371614301,1.0
c17,coral,0,200,0.971830985915493,1.0
c17,coral,0,400,0.9864572047670639,1.0
midogpp,sam,5,25,0.6196459166190749,0.7116666666666666
midogpp,sam,5,50,0.770416904625928,0.8366666666666666
midogpp,sam,5,100,0.8326670474014849,0.9516666666666667
midogpp,sam,5,200,0.8972015990862364,0.9933333333333333
midogpp,sam,5,400,0.960022844089092,1.0
midogpp,he_jitter,4,25,0.5100117785630153,0.3983333333333334
midogpp,he_jitter,4,50,0.6796230859835101,0.6866666666666666
midogpp,he_jitter,4,100,0.7868080094228505,0.82
midogpp,he_jitter,4,200,0.8822143698468787,0.9283333333333333
midogpp,he_jitter,4,400,0.9275618374558304,0.9933333333333333
midog21sn,macenko_tile,0,25,0.0,0.0
midog21sn,macenko_tile,0,50,0.0,0.0
midog21sn,macenko_tile,0,100,0.15584415584415584,0.0016666666666666668
midog21sn,macenko_tile,0,200,0.44155844155844154,0.12833333333333333
midog21sn,macenko_tile,0,400,0.6688311688311688,0.43
c17,probe_resnet50_lunit_bt,0,25,0.9847870182555781,1.0
c17,probe_resnet50_lunit_bt,0,50,0.9918864097363083,1.0
c17,probe_resnet50_lunit_bt,0,100,0.9929006085192698,1.0
c17,probe_resnet50_lunit_bt,0,200,0.9974645030425964,1.0
c17,probe_resnet50_lunit_bt,0,400,0.9989858012170385,1.0
midogpp,coral,2,25,0.8507709251101322,0.6775
midogpp,coral,2,50,0.8529735682819384,0.6825
midogpp,coral,2,100,0.8992290748898678,0.6925
midogpp,coral,2,200,0.9273127753303965,0.6625
midogpp,coral,2,400,0.9636563876651982,0.76
canine,macenko_tile,0,25,0.0,0.0
canine,macenko_tile,0,50,0.0,0.0
canine,macenko_tile,0,100,0.37791411042944784,0.09500000000000001
canine,macenko_tile,0,200,0.6380368098159509,0.29833333333333334
canine,macenko_tile,0,400,0.8184049079754602,0.5416666666666666
midogpp,macenko_tile,0,25,0.25374064837905236,0.3655778894472362
midogpp,macenko_tile,0,50,0.5847880299251871,0.6750000000000002
midogpp,macenko_tile,0,100,0.7219451371571073,0.8366666666666666
midogpp,macenko_tile,0,200,0.8216957605985037,0.9616666666666666
midogpp,macenko_tile,0,400,0.9033665835411472,0.9983333333333334
canine,erm,4,25,0.0,0.0
canine,erm,4,50,0.0,0.0
canine,erm,4,100,0.4400656814449918,0.12
canine,erm,4,200,0.6945812807881774,0.2
canine,erm,4,400,0.8538587848932676,0.265
midogpp,mixstyle,5,25,0.0,0.0
midogpp,mixstyle,5,50,0.22566690699351116,0.31
midogpp,mixstyle,5,100,0.5674116798846431,0.765
midogpp,mixstyle,5,200,0.7325162220620043,0.9483333333333333
midogpp,mixstyle,5,400,0.8666186012977649,1.0
midogpp,tia_style,0,25,0.29963680387409203,0.415
midogpp,tia_style,0,50,0.6343825665859564,0.6900000000000001
midogpp,tia_style,0,100,0.774818401937046,0.8466666666666667
midogpp,tia_style,0,200,0.8547215496368039,0.9633333333333334
midogpp,tia_style,0,400,0.9225181598062954,1.0
c17,probe_resnet50_imagenet,0,25,0.8569886670264436,0.9616666666666666
c17,probe_resnet50_imagenet,0,50,0.9114948731786292,0.9933333333333333
c17,probe_resnet50_imagenet,0,100,0.9476524554776039,1.0
c17,probe_resnet50_imagenet,0,200,0.9697787371829466,1.0
c17,probe_resnet50_imagenet,0,400,0.981651376146789,1.0
midogpp,sam,2,25,0.8278508771929824,0.645
midogpp,sam,2,50,0.8733552631578947,0.6483333333333334
midogpp,sam,2,100,0.8958333333333334,0.6916666666666668
midogpp,sam,2,200,0.9347587719298246,0.785
midogpp,sam,2,400,0.9682017543859649,0.8500000000000001
midogpp,mixstyle,4,25,0.0,0.0
midogpp,mixstyle,4,50,0.3446866485013624,0.08333333333333333
midogpp,mixstyle,4,100,0.6205722070844687,0.3666666666666667
midogpp,mixstyle,4,200,0.7745231607629428,0.5316666666666666
midogpp,mixstyle,4,400,0.8944141689373297,0.75
midogpp,coral,1,25,0.7054131054131054,0.5983333333333333
midogpp,coral,1,50,0.7635327635327636,0.62
midogpp,coral,1,100,0.8512820512820513,0.6816666666666666
midogpp,coral,1,200,0.8940170940170941,0.7533333333333334
midogpp,coral,1,400,0.9361823361823362,0.875
canine,he_jitter_lunit_bt,2,25,0.0,0.08
canine,he_jitter_lunit_bt,2,50,0.5889453621346887,0.7633333333333333
canine,he_jitter_lunit_bt,2,100,0.7801778907242694,0.955
canine,he_jitter_lunit_bt,2,200,0.8576874205844981,0.9983333333333334
canine,he_jitter_lunit_bt,2,400,0.932020330368488,1.0
midogpp,he_jitter_lunit_bt,1,25,0.5977421271538919,0.425
midogpp,he_jitter_lunit_bt,1,50,0.7320261437908496,0.48666666666666664
midogpp,he_jitter_lunit_bt,1,100,0.8175876411170528,0.5299999999999999
midogpp,he_jitter_lunit_bt,1,200,0.8770053475935828,0.5499999999999999
midogpp,he_jitter_lunit_bt,1,400,0.9382055852644088,0.67
midogpp,he_jitter,3,25,0.7124856815578465,0.84
midogpp,he_jitter,3,50,0.7686139747995419,0.915
midogpp,he_jitter,3,100,0.8258877434135166,0.98
midogpp,he_jitter,3,200,0.8871706758304696,0.9966666666666667
midogpp,he_jitter,3,400,0.938717067583047,1.0
canine,tia_style,0,25,0.0,0.0
canine,tia_style,0,50,0.15924092409240925,0.14333333333333334
canine,tia_style,0,100,0.5816831683168316,0.6283333333333334
canine,tia_style,0,200,0.7896039603960396,0.9383333333333334
canine,tia_style,0,400,0.8811881188118812,0.995
midogpp,sam,6,25,0.8356832971800434,0.7266666666666666
midogpp,sam,6,50,0.8698481561822126,0.6816666666666666
midogpp,sam,6,100,0.9013015184381779,0.6983333333333333
midogpp,sam,6,200,0.9295010845986985,0.7383333333333333
midogpp,sam,6,400,0.960412147505423,0.7816666666666667
midogpp,macenko_tile,1,25,0.5767441860465117,0.435
midogpp,macenko_tile,1,50,0.7162790697674418,0.515
midogpp,macenko_tile,1,100,0.7930232558139535,0.6083333333333333
midogpp,macenko_tile,1,200,0.8784883720930232,0.6350000000000001
midogpp,macenko_tile,1,400,0.9226744186046512,0.7383333333333333
c17,irm,0,25,0.0,0.11333333333333334
c17,irm,0,50,0.6395575797007157,0.7866666666666666
c17,irm,0,100,0.8392973324658426,0.985
c17,irm,0,200,0.9102147039687704,1.0
c17,irm,0,400,0.9590110605074821,1.0
c17,simclr,2,25,0.9782828282828283,0.8333333333333334
c17,simclr,2,50,0.9808080808080808,0.8583333333333334
c17,simclr,2,100,0.9924242424242424,0.9033333333333333
c17,simclr,2,200,0.9939393939393939,0.9833333333333334
c17,simclr,2,400,0.9964646464646465,1.0
c17,irm,2,25,0.43019772318753746,0.18499999999999997
c17,irm,2,50,0.7705212702216896,0.375
c17,irm,2,100,0.8951467944877172,0.52
c17,irm,2,200,0.9406830437387658,0.695
c17,irm,2,400,0.975434391851408,0.7833333333333333
midog21sn,he_jitter_lunit_bt,0,25,0.0,0.006666666666666667
midog21sn,he_jitter_lunit_bt,0,50,0.498015873015873,0.43
midog21sn,he_jitter_lunit_bt,0,100,0.6785714285714286,0.6933333333333334
midog21sn,he_jitter_lunit_bt,0,200,0.7976190476190477,0.8850000000000001
midog21sn,he_jitter_lunit_bt,0,400,0.8928571428571429,0.9866666666666667
c17,erm_lunit_bt,0,25,0.8474204171240395,0.85
c17,erm_lunit_bt,0,50,0.9023051591657519,0.8866666666666667
c17,erm_lunit_bt,0,100,0.91602634467618,0.9466666666666667
c17,erm_lunit_bt,0,200,0.9670691547749726,0.9966666666666667
c17,erm_lunit_bt,0,400,0.9829857299670691,1.0
canine,he_jitter_lunit_dino,2,25,0.16192283364958887,0.225
canine,he_jitter_lunit_dino,2,50,0.6552814674256799,0.8933333333333334
canine,he_jitter_lunit_dino,2,100,0.825426944971537,1.0
canine,he_jitter_lunit_dino,2,200,0.8962681846932321,1.0
canine,he_jitter_lunit_dino,2,400,0.9538266919671095,1.0
canine,lisa,3,25,0.0,0.0
canine,lisa,3,50,0.0,0.0
canine,lisa,3,100,0.15581854043392504,0.04666666666666667
canine,lisa,3,200,0.5226824457593688,0.2833333333333333
canine,lisa,3,400,0.73767258382643,0.6066666666666667
midogpp,tia_style,1,25,0.5836216839677048,0.4116666666666666
midogpp,tia_style,1,50,0.7289504036908881,0.47833333333333333
midogpp,tia_style,1,100,0.8252595155709342,0.5783333333333334
midogpp,tia_style,1,200,0.8996539792387543,0.66
midogpp,tia_style,1,400,0.9509803921568627,0.8616666666666667
canine,probe_vit_s16_lunit_dino,2,25,0.5734543391945547,0.7033333333333333
canine,probe_vit_s16_lunit_dino,2,50,0.7906976744186046,0.9433333333333334
canine,probe_vit_s16_lunit_dino,2,100,0.8797504254112308,0.9966666666666667
canine,probe_vit_s16_lunit_dino,2,200,0.9262620533182075,1.0
canine,probe_vit_s16_lunit_dino,2,400,0.9608621667612025,1.0
c17,he_jitter_lunit_dino,1,25,0.999,0.9899999999999999
c17,he_jitter_lunit_dino,1,50,0.9995,0.995
c17,he_jitter_lunit_dino,1,100,0.9995,1.0
c17,he_jitter_lunit_dino,1,200,1.0,1.0
c17,he_jitter_lunit_dino,1,400,1.0,1.0
canine,erm_lunit_bt,4,25,0.0,0.0
canine,erm_lunit_bt,4,50,0.29770992366412213,0.105
canine,erm_lunit_bt,4,100,0.6145038167938931,0.2233333333333333
canine,erm_lunit_bt,4,200,0.7824427480916031,0.35000000000000003
canine,erm_lunit_bt,4,400,0.8839694656488549,0.4766666666666666
midog21sn,macenko,1,25,0.0,0.0
midog21sn,macenko,1,50,0.0,0.0
midog21sn,macenko,1,100,0.3789954337899543,0.055
midog21sn,macenko,1,200,0.6337899543378995,0.1
midog21sn,macenko,1,400,0.8082191780821918,0.27
canine,fish,3,25,0.0,0.0
canine,fish,3,50,0.0,0.0
canine,fish,3,100,0.0,0.09166666666666667
canine,fish,3,200,0.38095238095238093,0.9483333333333333
canine,fish,3,400,0.6598639455782312,1.0
midogpp,erm_lunit_dino,4,25,0.4520383693045564,0.2916666666666667
midogpp,erm_lunit_dino,4,50,0.6594724220623501,0.5299999999999999
midogpp,erm_lunit_dino,4,100,0.7613908872901679,0.7083333333333334
midogpp,erm_lunit_dino,4,200,0.8519184652278178,0.8666666666666667
midogpp,erm_lunit_dino,4,400,0.9160671462829736,0.9499999999999998
c17,tia_style,3,25,0.8968421052631579,1.0
c17,tia_style,3,50,0.9405263157894737,1.0
c17,tia_style,3,100,0.97,1.0
c17,tia_style,3,200,0.9763157894736842,1.0
c17,tia_style,3,400,0.9931578947368421,1.0
midogpp,erm,4,25,0.42917420132610007,0.20666666666666667
midogpp,erm,4,50,0.6286919831223629,0.48
midogpp,erm,4,100,0.7631103074141049,0.6383333333333333
midogpp,erm,4,200,0.861965039180229,0.755
midogpp,erm,4,400,0.9276672694394213,0.9049999999999999
c17,he_jitter,3,25,0.9739928607853137,0.9983333333333334
c17,he_jitter,3,50,0.9821519632840388,1.0
c17,he_jitter,3,100,0.9918408975012749,1.0
c17,he_jitter,3,200,0.9938806731259562,1.0
c17,he_jitter,3,400,0.9964303926568078,1.0
midogpp,macenko_tile,5,25,0.297314178638351,0.2933333333333334
midogpp,macenko_tile,5,50,0.589631480324797,0.5916666666666667
midogpp,macenko_tile,5,100,0.7320424734540912,0.7200000000000001
midogpp,macenko_tile,5,200,0.8419737663960025,0.8700000000000001
midogpp,macenko_tile,5,400,0.9194253591505309,0.9783333333333334
midogpp,irm,2,25,0.0,0.0
midogpp,irm,2,50,0.055350553505535055,0.015
midogpp,irm,2,100,0.6042435424354243,0.125
midogpp,irm,2,200,0.7749077490774908,0.23
midogpp,irm,2,400,0.8920664206642066,0.335
c17,erm_lunit_dino,2,25,0.9984992496248124,0.995
c17,erm_lunit_dino,2,50,0.9994997498749375,1.0
c17,erm_lunit_dino,2,100,0.9994997498749375,1.0
c17,erm_lunit_dino,2,200,0.9989994997498749,1.0
c17,erm_lunit_dino,2,400,1.0,1.0
canine,erm_lunit_dino,1,25,0.812329514457174,0.44
canine,erm_lunit_dino,1,50,0.8701582105837425,0.455
canine,erm_lunit_dino,1,100,0.9258046917621385,0.505
canine,erm_lunit_dino,1,200,0.9563557010365521,0.485
canine,erm_lunit_dino,1,400,0.9738134206219312,0.68
midogpp,irm,5,25,0.0,0.0
midogpp,irm,5,50,0.0,0.06833333333333334
midogpp,irm,5,100,0.5906313645621182,0.5733333333333334
midogpp,irm,5,200,0.7729124236252546,0.91
midogpp,irm,5,400,0.8890020366598778,1.0
canine,erm_lunit_dino,2,25,0.0,0.12
canine,erm_lunit_dino,2,50,0.6248391248391248,0.8833333333333333
canine,erm_lunit_dino,2,100,0.8005148005148005,0.9916666666666667
canine,erm_lunit_dino,2,200,0.8841698841698842,1.0
canine,erm_lunit_dino,2,400,0.9498069498069498,1.0
midogpp,he_jitter_lunit_bt,4,25,0.0,0.018333333333333333
midogpp,he_jitter_lunit_bt,4,50,0.5588809368900456,0.515
midogpp,he_jitter_lunit_bt,4,100,0.7143786597267404,0.79
midogpp,he_jitter_lunit_bt,4,200,0.8145738451528952,0.9366666666666666
midogpp,he_jitter_lunit_bt,4,400,0.9121665582303188,0.9883333333333333
midog21sn,erm_lunit_dino,1,25,0.0,0.0
midog21sn,erm_lunit_dino,1,50,0.0,0.0
midog21sn,erm_lunit_dino,1,100,0.2890243902439024,0.005
midog21sn,erm_lunit_dino,1,200,0.5695121951219512,0.07
midog21sn,erm_lunit_dino,1,400,0.774390243902439,0.235
midogpp,sam,3,25,0.8030560271646859,0.875
midogpp,sam,3,50,0.8421052631578947,0.955
midogpp,sam,3,100,0.8811544991511036,0.9883333333333333
midogpp,sam,3,200,0.9173740803621958,0.9983333333333334
midogpp,sam,3,400,0.955291454442558,1.0
c17,he_jitter_lunit_dino,2,25,0.9934771700953337,1.0
c17,he_jitter_lunit_dino,2,50,0.9989964877069744,1.0
c17,he_jitter_lunit_dino,2,100,0.9989964877069744,1.0
c17,he_jitter_lunit_dino,2,200,0.9994982438534872,1.0
c17,he_jitter_lunit_dino,2,400,1.0,1.0
midog21sn,irm,0,25,0.0,0.0
midog21sn,irm,0,50,0.0,0.0
midog21sn,irm,0,100,0.0,0.0
midog21sn,irm,0,200,0.15343915343915343,0.0
midog21sn,irm,0,400,0.3492063492063492,0.015
midogpp,macenko,3,25,0.8204419889502762,0.9283333333333333
midogpp,macenko,3,50,0.8629834254143647,0.975
midogpp,macenko,3,100,0.8828729281767956,0.995
midogpp,macenko,3,200,0.9331491712707183,1.0
midogpp,macenko,3,400,0.9596685082872928,1.0
canine,tia_style,3,25,0.0,0.0
canine,tia_style,3,50,0.09950657894736842,0.1366666666666667
canine,tia_style,3,100,0.5814144736842105,0.695
canine,tia_style,3,200,0.7516447368421053,0.9550000000000001
canine,tia_style,3,400,0.8774671052631579,0.9983333333333334
c17,erm_lunit_bt,2,25,0.9565891472868217,0.9675
c17,erm_lunit_bt,2,50,0.9720930232558139,0.9975
c17,erm_lunit_bt,2,100,0.979328165374677,1.0
c17,erm_lunit_bt,2,200,0.9896640826873385,1.0
c17,erm_lunit_bt,2,400,0.9948320413436692,1.0
