tier,method,m,n,cover90,abs_err,far_0.8,power_0.8,n_bad_0.8,far_0.85,power_0.85,n_bad_0.85,far_0.9,power_0.9,n_bad_0.9
S,dev,0,1200,,,0.08571428571428572,0.529245283018868,140,0.028225806451612902,0.21323529411764705,248,0.00782472613458529,0.15151515151515152,639
S,eb,25,1200,0.9186748953098826,0.028899268517250856,0.02085714285714286,0.6498856783919599,140,0.008467741935483872,0.37553523922131665,248,0.003333333333333333,0.18642602495543673,639
S,eb,50,1200,0.9171291666666666,0.024015608609495077,0.019500000000000003,0.7523867924528301,140,0.009395161290322581,0.5069905462184874,248,0.003356807511737089,0.30511586452762923,639
S,eb,100,1200,0.9167416666666666,0.019245303482963827,0.013678571428571429,0.8385566037735849,140,0.007500000000000001,0.6307825630252101,248,0.0023865414710485134,0.444795008912656,639
S,eb,200,1200,0.918975,0.014854612781196165,0.00867857142857143,0.8967311320754717,140,0.005967741935483871,0.7203728991596637,248,0.0018466353677621282,0.5159982174688057,639
S,eb,400,1200,0.9286249999999999,0.010901420446190847,0.004392857142857143,0.9359245283018868,140,0.0033669354838709678,0.789185924369748,248,0.001322378716744914,0.5972192513368983,639
S,eb_robust,25,1200,0.9303831867671692,0.029388308359451484,0.014392857142857141,0.5829478287664739,140,0.005766129032258064,0.2810548013175119,248,0.002034428794992176,0.13634581105169338,639
S,eb_robust,50,1200,0.9237791666666667,0.02416776154499718,0.016607142857142855,0.7203301886792453,140,0.008286290322580646,0.47117647058823525,248,0.002816901408450704,0.2715508021390374,639
S,eb_robust,100,1200,0.9209083333333334,0.01927364289992794,0.011964285714285714,0.8270330188679245,140,0.006935483870967742,0.6174054621848739,248,0.0021361502347417845,0.4318538324420677,639
S,eb_robust,200,1200,0.9212916666666668,0.014852900148659885,0.008071428571428571,0.8929292452830189,140,0.005846774193548387,0.714952731092437,248,0.0017605633802816902,0.5140819964349376,639
S,eb_robust,400,1200,0.9300374999999999,0.010888962608955374,0.0042499999999999994,0.9348537735849056,140,0.003245967741935484,0.7866491596638655,248,0.0012754303599374023,0.5971925133689839,639
S,local,25,1200,0.9417108668341708,0.05145850172077794,0.006500000000000001,0.1128500521475301,140,2.0161290322580645e-05,0.0002836134453781513,248,0.0,0.0,639
S,local,50,1200,0.9370791666666666,0.03557727358946266,0.010107142857142858,0.4816933962264151,140,0.005806451612903227,0.29215861344537813,248,0.0021205007824726136,0.09357397504456327,639
S,local,100,1200,0.9324083333333332,0.02468616500804845,0.008285714285714287,0.7026179245283017,140,0.00560483870967742,0.4951523109243697,248,0.003442879499217528,0.4330392156862745,639
S,local,200,1200,0.9328875,0.01701541058503335,0.0054285714285714284,0.8409198113207547,140,0.004475806451612903,0.6336449579831933,248,0.002832550860719875,0.5540819964349377,639
S,local,400,1200,0.9400624999999998,0.011518995543195331,0.0035,0.9182924528301888,140,0.0024193548387096775,0.737626050420168,248,0.0018075117370892019,0.6457397504456328,639
