arm,fold,domain,seed,metric,ece,file
coral,0,center0,0,0.9733835392,0.09756588860377635,runs/S/c17/fold0/coral__selected__s0.json
coral,0,center0,1,0.9803591488000001,0.05954503617306467,runs/S/c17/fold0/coral__selected__s1.json
coral,0,center0,2,0.9734413247999999,0.098140207188234,runs/S/c17/fold0/coral__selected__s2.json
erm,0,center0,0,0.9774014016000001,0.09402554385892178,runs/S/c17/fold0/erm__selected__s0.json
erm,0,center0,1,0.9742217088,0.11165954233459545,runs/S/c17/fold0/erm__selected__s1.json
erm,0,center0,2,0.9617024128000001,0.12163246820808293,runs/S/c17/fold0/erm__selected__s2.json
erm_lunit_bt,0,center0,0,0.991081584,0.020337619341751392,runs/S/c17/fold0/erm_lunit_bt__selected__s0.json
erm_lunit_bt,0,center0,1,0.9796512448,0.04728808659786069,runs/S/c17/fold0/erm_lunit_bt__selected__s1.json
erm_lunit_bt,0,center0,2,0.9271600096,0.031401981096638665,runs/S/c17/fold0/erm_lunit_bt__selected__s2.json
erm_lunit_dino,0,center0,0,0.9923686208000002,0.015078833877989003,runs/S/c17/fold0/erm_lunit_dino__selected__s0.json
erm_lunit_dino,0,center0,1,0.9924252288000001,0.016235552930600784,runs/S/c17/fold0/erm_lunit_dino__selected__s1.json
erm_lunit_dino,0,center0,2,0.991147216,0.013042430248930077,runs/S/c17/fold0/erm_lunit_dino__selected__s2.json
fish,0,center0,0,0.9799235424000001,0.07821938350384541,runs/S/c17/fold0/fish__selected__s0.json
fish,0,center0,1,0.9727812448000001,0.07607629745362021,runs/S/c17/fold0/fish__selected__s1.json
fish,0,center0,2,0.9713420992,0.07194525153934472,runs/S/c17/fold0/fish__selected__s2.json
groupdro,0,center0,0,0.9656590272,0.11439940838092916,runs/S/c17/fold0/groupdro__selected__s0.json
groupdro,0,center0,1,0.9723593312000001,0.07638132059829111,runs/S/c17/fold0/groupdro__selected__s1.json
groupdro,0,center0,2,0.9519383648,0.1732911674475437,runs/S/c17/fold0/groupdro__selected__s2.json
he_jitter,0,center0,0,0.988779136,0.021923469067151386,runs/S/c17/fold0/he_jitter__selected__s0.json
he_jitter,0,center0,1,0.9878537984000001,0.031569807936423215,runs/S/c17/fold0/he_jitter__selected__s1.json
he_jitter,0,center0,2,0.9867318592000001,0.028637697967804087,runs/S/c17/fold0/he_jitter__selected__s2.json
he_jitter_lunit_bt,0,center0,0,0.9925966912,0.015171878326352823,runs/S/c17/fold0/he_jitter_lunit_bt__selected__s0.json
he_jitter_lunit_bt,0,center0,1,0.98759872,0.016837180372733327,runs/S/c17/fold0/he_jitter_lunit_bt__selected__s1.json
he_jitter_lunit_bt,0,center0,2,0.9142521887999999,0.12392950114489784,runs/S/c17/fold0/he_jitter_lunit_bt__selected__s2.json
he_jitter_lunit_dino,0,center0,0,0.9935228672,0.013237485571582499,runs/S/c17/fold0/he_jitter_lunit_dino__selected__s0.json
he_jitter_lunit_dino,0,center0,1,0.9940131968,0.01371829599444025,runs/S/c17/fold0/he_jitter_lunit_dino__selected__s1.json
he_jitter_lunit_dino,0,center0,2,0.9919863360000001,0.011227790377950188,runs/S/c17/fold0/he_jitter_lunit_dino__selected__s2.json
irm,0,center0,0,0.9741002623999998,0.12881642548784164,runs/S/c17/fold0/irm__selected__s0.json
irm,0,center0,1,0.9803114048,0.07337905270703127,runs/S/c17/fold0/irm__selected__s1.json
irm,0,center0,2,0.9716449248000001,0.10207446294092665,runs/S/c17/fold0/irm__selected__s2.json
lisa,0,center0,0,0.9770327232,0.059703486389680246,runs/S/c17/fold0/lisa__selected__s0.json
lisa,0,center0,1,0.9739842816,0.057385084543886744,runs/S/c17/fold0/lisa__selected__s1.json
lisa,0,center0,2,0.9627467712,0.0780041721371353,runs/S/c17/fold0/lisa__selected__s2.json
macenko,0,center0,0,0.9877028416,0.020671243421465913,runs/S/c17/fold0/macenko__selected__s0.json
macenko,0,center0,1,0.9864435007999999,0.020125164044471976,runs/S/c17/fold0/macenko__selected__s1.json
macenko,0,center0,2,0.9846612096,0.02210321457170573,runs/S/c17/fold0/macenko__selected__s2.json
macenko_tile,0,center0,0,0.990408544,0.0159336028675211,runs/S/c17/fold0/macenko_tile__selected__s0.json
macenko_tile,0,center0,1,0.9887529087999999,0.021903908748797205,runs/S/c17/fold0/macenko_tile__selected__s1.json
macenko_tile,0,center0,2,0.9879506751999999,0.02105997070344831,runs/S/c17/fold0/macenko_tile__selected__s2.json
mixstyle,0,center0,0,0.9794208096000001,0.05358943248717293,runs/S/c17/fold0/mixstyle__selected__s0.json
mixstyle,0,center0,1,0.9802308736,0.049058087826327576,runs/S/c17/fold0/mixstyle__selected__s1.json
mixstyle,0,center0,2,0.9733857792,0.08429765552765715,runs/S/c17/fold0/mixstyle__selected__s2.json
probe_resnet50_imagenet,0,center0,0,0.9688966111999999,0.06712281093526158,runs/S/c17/fold0/probe_resnet50_imagenet__default__s0.json
probe_resnet50_imagenet,0,center0,1,0.9656520639999999,0.07110298861981287,runs/S/c17/fold0/probe_resnet50_imagenet__default__s1.json
probe_resnet50_imagenet,0,center0,2,0.9696373536,0.06812440815532066,runs/S/c17/fold0/probe_resnet50_imagenet__default__s2.json
probe_resnet50_lunit_bt,0,center0,0,0.9916876672000001,0.023856762382466198,runs/S/c17/fold0/probe_resnet50_lunit_bt__default__s0.json
probe_resnet50_lunit_bt,0,center0,1,0.99162416,0.025294732126555114,runs/S/c17/fold0/probe_resnet50_lunit_bt__default__s1.json
probe_resnet50_lunit_bt,0,center0,2,0.9925168384000002,0.023113263690960922,runs/S/c17/fold0/probe_resnet50_lunit_bt__default__s2.json
probe_vit_s16_lunit_dino,0,center0,0,0.9920967423999999,0.011336271802358643,runs/S/c17/fold0/probe_vit_s16_lunit_dino__default__s0.json
probe_vit_s16_lunit_dino,0,center0,1,0.9920865088,0.01152342757614065,runs/S/c17/fold0/probe_vit_s16_lunit_dino__default__s1.json
probe_vit_s16_lunit_dino,0,center0,2,0.9922092736,0.01039120050146828,runs/S/c17/fold0/probe_vit_s16_lunit_dino__default__s2.json
sam,0,center0,0,0.9756374271999999,0.09589695674527077,runs/S/c17/fold0/sam__selected__s0.json
sam,0,center0,1,0.9814563264,0.054719411628102246,runs/S/c17/fold0/sam__selected__s1.json
sam,0,center0,2,0.9686826432,0.11431036021563587,runs/S/c17/fold0/sam__selected__s2.json
simclr,0,center0,0,0.9837161983999999,0.05525448167574845,runs/S/c17/fold0/simclr__selected__s0.json
simclr,0,center0,1,0.9791774048,0.0752505390304038,runs/S/c17/fold0/simclr__selected__s1.json
simclr,0,center0,2,0.9841333312,0.06013060577918321,runs/S/c17/fold0/simclr__selected__s2.json
tia_style,0,center0,0,0.9857441920000001,0.0154189475492863,runs/S/c17/fold0/tia_style__selected__s0.json
tia_style,0,center0,1,0.9858080640000001,0.018977672977122433,runs/S/c17/fold0/tia_style__selected__s1.json
tia_style,0,center0,2,0.9879093504000002,0.01551953358930836,runs/S/c17/fold0/tia_style__selected__s2.json
coral,1,center1,0,0.9539199232000001,0.10486123721324983,runs/S/c17/fold1/coral__selected__s0.json
coral,1,center1,1,0.9638245888,0.09377061355140057,runs/S/c17/fold1/coral__selected__s1.json
coral,1,center1,2,0.9556220799999999,0.13124506556310422,runs/S/c17/fold1/coral__selected__s2.json
erm,1,center1,0,0.9569894848000002,0.07823955864138253,runs/S/c17/fold1/erm__selected__s0.json
erm,1,center1,1,0.9467791807999999,0.12366281817296476,runs/S/c17/fold1/erm__selected__s1.json
erm,1,center1,2,0.9145929408,0.21902404449817636,runs/S/c17/fold1/erm__selected__s2.json
erm_lunit_bt,1,center1,0,0.9443306496,0.10673686793894493,runs/S/c17/fold1/erm_lunit_bt__selected__s0.json
erm_lunit_bt,1,center1,1,0.9717374112000001,0.04044649591217589,runs/S/c17/fold1/erm_lunit_bt__selected__s1.json
erm_lunit_bt,1,center1,2,0.969500512,0.041492364365927126,runs/S/c17/fold1/erm_lunit_bt__selected__s2.json
erm_lunit_dino,1,center1,0,0.9881768768,0.021451768914907826,runs/S/c17/fold1/erm_lunit_dino__selected__s0.json
erm_lunit_dino,1,center1,1,0.986533984,0.01926015251199251,runs/S/c17/fold1/erm_lunit_dino__selected__s1.json
erm_lunit_dino,1,center1,2,0.9830863807999999,0.0210497325240934,runs/S/c17/fold1/erm_lunit_dino__selected__s2.json
fish,1,center1,0,0.8082769120000001,0.4877476726062235,runs/S/c17/fold1/fish__selected__s0.json
fish,1,center1,1,0.7591814464,0.4982034825800315,runs/S/c17/fold1/fish__selected__s1.json
fish,1,center1,2,0.8484311776,0.49073860399227903,runs/S/c17/fold1/fish__selected__s2.json
groupdro,1,center1,0,0.9431453984,0.0978273111346161,runs/S/c17/fold1/groupdro__selected__s0.json
groupdro,1,center1,1,0.9644807232,0.09588833243083217,runs/S/c17/fold1/groupdro__selected__s1.json
groupdro,1,center1,2,0.9524768704000001,0.06808479063285544,runs/S/c17/fold1/groupdro__selected__s2.json
he_jitter,1,center1,0,0.9689655359999999,0.0653436499089363,runs/S/c17/fold1/he_jitter__selected__s0.json
he_jitter,1,center1,1,0.9660809472,0.06795786321799722,runs/S/c17/fold1/he_jitter__selected__s1.json
he_jitter,1,center1,2,0.9718015968,0.052088683690784614,runs/S/c17/fold1/he_jitter__selected__s2.json
he_jitter_lunit_bt,1,center1,0,0.9335530752,0.08754688716224672,runs/S/c17/fold1/he_jitter_lunit_bt__selected__s0.json
he_jitter_lunit_bt,1,center1,1,0.9748455488000001,0.036557495022445353,runs/S/c17/fold1/he_jitter_lunit_bt__selected__s1.json
he_jitter_lunit_bt,1,center1,2,0.9593197696000001,0.04774468037346845,runs/S/c17/fold1/he_jitter_lunit_bt__selected__s2.json
he_jitter_lunit_dino,1,center1,0,0.9862710912000001,0.02296249935034244,runs/S/c17/fold1/he_jitter_lunit_dino__selected__s0.json
he_jitter_lunit_dino,1,center1,1,0.9846876191999998,0.0207805977995885,runs/S/c17/fold1/he_jitter_lunit_dino__selected__s1.json
he_jitter_lunit_dino,1,center1,2,0.9814890752000001,0.02215344990661488,runs/S/c17/fold1/he_jitter_lunit_dino__selected__s2.json
irm,1,center1,0,0.9548305343999999,0.08461530995493752,runs/S/c17/fold1/irm__selected__s0.json
irm,1,center1,1,0.9515808767999999,0.14158062966208332,runs/S/c17/fold1/irm__selected__s1.json
irm,1,center1,2,0.9336610304,0.15263914008964044,runs/S/c17/fold1/irm__selected__s2.json
lisa,1,center1,0,0.9260379327999999,0.21094378637559874,runs/S/c17/fold1/lisa__selected__s0.json
lisa,1,center1,1,0.9511486144000001,0.16030197519575257,runs/S/c17/fold1/lisa__selected__s1.json
lisa,1,center1,2,0.9311341248,0.17920577139603625,runs/S/c17/fold1/lisa__selected__s2.json
macenko,1,center1,0,0.9479177152,0.14369236997219464,runs/S/c17/fold1/macenko__selected__s0.json
macenko,1,center1,1,0.9311700159999999,0.16834238998838308,runs/S/c17/fold1/macenko__selected__s1.json
macenko,1,center1,2,0.8824484704,0.1673730408339874,runs/S/c17/fold1/macenko__selected__s2.json
macenko_tile,1,center1,0,0.9604573376,0.031020789453085056,runs/S/c17/fold1/macenko_tile__selected__s0.json
macenko_tile,1,center1,1,0.9365734880000001,0.043584377117826666,runs/S/c17/fold1/macenko_tile__selected__s1.json
macenko_tile,1,center1,2,0.9326291264,0.044896042698437645,runs/S/c17/fold1/macenko_tile__selected__s2.json
mixstyle,1,center1,0,0.9375616192,0.09957806916112366,runs/S/c17/fold1/mixstyle__selected__s0.json
mixstyle,1,center1,1,0.9245199168,0.1466364653569962,runs/S/c17/fold1/mixstyle__selected__s1.json
mixstyle,1,center1,2,0.8167849952000001,0.23795810028485104,runs/S/c17/fold1/mixstyle__selected__s2.json
probe_resnet50_imagenet,1,center1,0,0.9104370079999999,0.10289672787535217,runs/S/c17/fold1/probe_resnet50_imagenet__default__s0.json
probe_resnet50_imagenet,1,center1,1,0.9124533727999999,0.09990189820365189,runs/S/c17/fold1/probe_resnet50_imagenet__default__s1.json
probe_resnet50_imagenet,1,center1,2,0.9105758688,0.10433228544728497,runs/S/c17/fold1/probe_resnet50_imagenet__default__s2.json
probe_resnet50_lunit_bt,1,center1,0,0.9692814016,0.05207323987619138,runs/S/c17/fold1/probe_resnet50_lunit_bt__default__s0.json
probe_resnet50_lunit_bt,1,center1,1,0.9691881023999999,0.051267226345336085,runs/S/c17/fold1/probe_resnet50_lunit_bt__default__s1.json
probe_resnet50_lunit_bt,1,center1,2,0.9740685696000001,0.04786676754926408,runs/S/c17/fold1/probe_resnet50_lunit_bt__default__s2.json
probe_vit_s16_lunit_dino,1,center1,0,0.9757418816,0.014785685990328954,runs/S/c17/fold1/probe_vit_s16_lunit_dino__default__s0.json
probe_vit_s16_lunit_dino,1,center1,1,0.9764989152,0.014024797554058282,runs/S/c17/fold1/probe_vit_s16_lunit_dino__default__s1.json
probe_vit_s16_lunit_dino,1,center1,2,0.9761459392,0.014822257184260532,runs/S/c17/fold1/probe_vit_s16_lunit_dino__default__s2.json
sam,1,center1,0,0.968654416,0.04670325867884289,runs/S/c17/fold1/sam__selected__s0.json
sam,1,center1,1,0.9674022848,0.06044170160416207,runs/S/c17/fold1/sam__selected__s1.json
sam,1,center1,2,0.9656161472,0.07339212464575118,runs/S/c17/fold1/sam__selected__s2.json
simclr,1,center1,0,0.964563184,0.09322133612124535,runs/S/c17/fold1/simclr__selected__s0.json
simclr,1,center1,1,0.9616019520000001,0.07312728830829401,runs/S/c17/fold1/simclr__selected__s1.json
simclr,1,center1,2,0.960015984,0.0653769510856052,runs/S/c17/fold1/simclr__selected__s2.json
tia_style,1,center1,0,0.946818384,0.11513803797914691,runs/S/c17/fold1/tia_style__selected__s0.json
tia_style,1,center1,1,0.9195006464000001,0.14978617682442125,runs/S/c17/fold1/tia_style__selected__s1.json
tia_style,1,center1,2,0.9238248287999999,0.1279037613185741,runs/S/c17/fold1/tia_style__selected__s2.json
coral,2,center2,0,0.8850298176,0.2660517436075469,runs/S/c17/fold2/coral__selected__s0.json
coral,2,center2,1,0.87844432,0.22183422112037907,runs/S/c17/fold2/coral__selected__s1.json
coral,2,center2,2,0.912526656,0.2545872240651854,runs/S/c17/fold2/coral__selected__s2.json
erm,2,center2,0,0.7998723583999999,0.36485284774368965,runs/S/c17/fold2/erm__selected__s0.json
erm,2,center2,1,0.8268684256000001,0.28426135384923207,runs/S/c17/fold2/erm__selected__s1.json
erm,2,center2,2,0.9004277088,0.3159681346594875,runs/S/c17/fold2/erm__selected__s2.json
erm_lunit_bt,2,center2,0,0.9782678144,0.04185311210536733,runs/S/c17/fold2/erm_lunit_bt__selected__s0.json
erm_lunit_bt,2,center2,1,0.7547990144000001,0.3140919138362374,runs/S/c17/fold2/erm_lunit_bt__selected__s1.json
erm_lunit_bt,2,center2,2,0.9562561888,0.0675511701386854,runs/S/c17/fold2/erm_lunit_bt__selected__s2.json
erm_lunit_dino,2,center2,0,0.9939904511999997,0.013866808332743705,runs/S/c17/fold2/erm_lunit_dino__selected__s0.json
erm_lunit_dino,2,center2,1,0.9938792639999999,0.01895130989089267,runs/S/c17/fold2/erm_lunit_dino__selected__s1.json
erm_lunit_dino,2,center2,2,0.9930777599999999,0.01631670033297683,runs/S/c17/fold2/erm_lunit_dino__selected__s2.json
fish,2,center2,0,0.8759669312,0.17208222746797364,runs/S/c17/fold2/fish__selected__s0.json
fish,2,center2,1,0.5687037696,0.46010198202385594,runs/S/c17/fold2/fish__selected__s1.json
fish,2,center2,2,0.5714366432,0.4137095108123036,runs/S/c17/fold2/fish__selected__s2.json
groupdro,2,center2,0,0.8117060032,0.32520760242726754,runs/S/c17/fold2/groupdro__selected__s0.json
groupdro,2,center2,1,0.8289997184,0.4019454447229937,runs/S/c17/fold2/groupdro__selected__s1.json
groupdro,2,center2,2,0.9093574207999999,0.1974776749450432,runs/S/c17/fold2/groupdro__selected__s2.json
he_jitter,2,center2,0,0.9699855968000001,0.0695844070812252,runs/S/c17/fold2/he_jitter__selected__s0.json
he_jitter,2,center2,1,0.9812573440000001,0.04134147196064681,runs/S/c17/fold2/he_jitter__selected__s1.json
he_jitter,2,center2,2,0.9703610688,0.08539385465369324,runs/S/c17/fold2/he_jitter__selected__s2.json
he_jitter_lunit_bt,2,center2,0,0.7155323008000001,0.24143474209934296,runs/S/c17/fold2/he_jitter_lunit_bt__selected__s0.json
he_jitter_lunit_bt,2,center2,1,0.9851806463999998,0.02691396789540962,runs/S/c17/fold2/he_jitter_lunit_bt__selected__s1.json
he_jitter_lunit_bt,2,center2,2,0.9761398175999999,0.04537388560686771,runs/S/c17/fold2/he_jitter_lunit_bt__selected__s2.json
he_jitter_lunit_dino,2,center2,0,0.9953401088000002,0.019783852208347618,runs/S/c17/fold2/he_jitter_lunit_dino__selected__s0.json
he_jitter_lunit_dino,2,center2,1,0.9949011136000001,0.017465069558341595,runs/S/c17/fold2/he_jitter_lunit_dino__selected__s1.json
he_jitter_lunit_dino,2,center2,2,0.9950117248000001,0.01681840740862198,runs/S/c17/fold2/he_jitter_lunit_dino__selected__s2.json
irm,2,center2,0,0.8859570207999999,0.2817613844706712,runs/S/c17/fold2/irm__selected__s0.json
irm,2,center2,1,0.8857777791999999,0.36648838997759087,runs/S/c17/fold2/irm__selected__s1.json
irm,2,center2,2,0.8290820448,0.2786702919435278,runs/S/c17/fold2/irm__selected__s2.json
lisa,2,center2,0,0.9314210752000001,0.12511771856296877,runs/S/c17/fold2/lisa__selected__s0.json
lisa,2,center2,1,0.8666792671999999,0.27000226457465665,runs/S/c17/fold2/lisa__selected__s1.json
lisa,2,center2,2,0.8573132287999999,0.30098632455729524,runs/S/c17/fold2/lisa__selected__s2.json
macenko,2,center2,0,0.961515584,0.056750367632583794,runs/S/c17/fold2/macenko__selected__s0.json
macenko,2,center2,1,0.9510531712000001,0.08523029020476036,runs/S/c17/fold2/macenko__selected__s1.json
macenko,2,center2,2,0.9069522176,0.09214057932481162,runs/S/c17/fold2/macenko__selected__s2.json
macenko_tile,2,center2,0,0.9857223168,0.02324118831871992,runs/S/c17/fold2/macenko_tile__selected__s0.json
macenko_tile,2,center2,1,0.9860030656000001,0.02267919667757857,runs/S/c17/fold2/macenko_tile__selected__s1.json
macenko_tile,2,center2,2,0.9831264992,0.029060462642195646,runs/S/c17/fold2/macenko_tile__selected__s2.json
mixstyle,2,center2,0,0.9361348032000001,0.14410609450007983,runs/S/c17/fold2/mixstyle__selected__s0.json
mixstyle,2,center2,1,0.544912528,0.4625048277025744,runs/S/c17/fold2/mixstyle__selected__s1.json
mixstyle,2,center2,2,0.8544875168000001,0.27957687894135014,runs/S/c17/fold2/mixstyle__selected__s2.json
probe_resnet50_imagenet,2,center2,0,0.9499772512,0.08977489281429771,runs/S/c17/fold2/probe_resnet50_imagenet__default__s0.json
probe_resnet50_imagenet,2,center2,1,0.9511895744,0.08147331842573671,runs/S/c17/fold2/probe_resnet50_imagenet__default__s1.json
probe_resnet50_imagenet,2,center2,2,0.953205648,0.0844286311208821,runs/S/c17/fold2/probe_resnet50_imagenet__default__s2.json
probe_resnet50_lunit_bt,2,center2,0,0.9742021184,0.05869159071976793,runs/S/c17/fold2/probe_resnet50_lunit_bt__default__s0.json
probe_resnet50_lunit_bt,2,center2,1,0.977001056,0.04900710007461812,runs/S/c17/fold2/probe_resnet50_lunit_bt__default__s1.json
probe_resnet50_lunit_bt,2,center2,2,0.9794889600000001,0.04176054616771167,runs/S/c17/fold2/probe_resnet50_lunit_bt__default__s2.json
probe_vit_s16_lunit_dino,2,center2,0,0.9882742208,0.05520900117799259,runs/S/c17/fold2/probe_vit_s16_lunit_dino__default__s0.json
probe_vit_s16_lunit_dino,2,center2,1,0.9886022784,0.04628120619298484,runs/S/c17/fold2/probe_vit_s16_lunit_dino__default__s1.json
probe_vit_s16_lunit_dino,2,center2,2,0.9883352895999999,0.0448640887535845,runs/S/c17/fold2/probe_vit_s16_lunit_dino__default__s2.json
sam,2,center2,0,0.7881385760000001,0.33528465591855194,runs/S/c17/fold2/sam__selected__s0.json
sam,2,center2,1,0.854320432,0.3043760523422997,runs/S/c17/fold2/sam__selected__s1.json
sam,2,center2,2,0.9341496544,0.21651168550489447,runs/S/c17/fold2/sam__selected__s2.json
simclr,2,center2,0,0.8102280736,0.27750281573344143,runs/S/c17/fold2/simclr__selected__s0.json
simclr,2,center2,1,0.9424729568000001,0.1979931612432482,runs/S/c17/fold2/simclr__selected__s1.json
simclr,2,center2,2,0.9355383775999999,0.2052690246469828,runs/S/c17/fold2/simclr__selected__s2.json
tia_style,2,center2,0,0.9737896096,0.03717716076070974,runs/S/c17/fold2/tia_style__selected__s0.json
tia_style,2,center2,1,0.9744697727999999,0.04397699450952792,runs/S/c17/fold2/tia_style__selected__s1.json
tia_style,2,center2,2,0.9681329216,0.0484527561023293,runs/S/c17/fold2/tia_style__selected__s2.json
coral,3,center3,0,0.9882401152,0.01693364662070427,runs/S/c17/fold3/coral__selected__s0.json
coral,3,center3,1,0.9910855296,0.01853072361504237,runs/S/c17/fold3/coral__selected__s1.json
coral,3,center3,2,0.9913473471999998,0.017919683954856838,runs/S/c17/fold3/coral__selected__s2.json
erm,3,center3,0,0.9905684192,0.016720783632090445,runs/S/c17/fold3/erm__selected__s0.json
erm,3,center3,1,0.98987904,0.021626845253417744,runs/S/c17/fold3/erm__selected__s1.json
erm,3,center3,2,0.9903713568,0.015093547183078919,runs/S/c17/fold3/erm__selected__s2.json
erm_lunit_bt,3,center3,0,0.9894092608,0.023882396634911637,runs/S/c17/fold3/erm_lunit_bt__selected__s0.json
erm_lunit_bt,3,center3,1,0.9916844928000002,0.02059539845080981,runs/S/c17/fold3/erm_lunit_bt__selected__s1.json
erm_lunit_bt,3,center3,2,0.9865947968000001,0.029182778543370858,runs/S/c17/fold3/erm_lunit_bt__selected__s2.json
erm_lunit_dino,3,center3,0,0.9945306144,0.019044751063582596,runs/S/c17/fold3/erm_lunit_dino__selected__s0.json
erm_lunit_dino,3,center3,1,0.9945709056,0.01788630288043358,runs/S/c17/fold3/erm_lunit_dino__selected__s1.json
erm_lunit_dino,3,center3,2,0.9944189504000001,0.018959851384841728,runs/S/c17/fold3/erm_lunit_dino__selected__s2.json
fish,3,center3,0,0.9803203967999999,0.07779184642241185,runs/S/c17/fold3/fish__selected__s0.json
fish,3,center3,1,0.9773020287999998,0.10886344767673259,runs/S/c17/fold3/fish__selected__s1.json
fish,3,center3,2,0.9624080192,0.04220163866474558,runs/S/c17/fold3/fish__selected__s2.json
groupdro,3,center3,0,0.9877381728000001,0.02475889358800905,runs/S/c17/fold3/groupdro__selected__s0.json
groupdro,3,center3,1,0.9839400831999999,0.014885302105215848,runs/S/c17/fold3/groupdro__selected__s1.json
groupdro,3,center3,2,0.9873962175999998,0.020786621140437618,runs/S/c17/fold3/groupdro__selected__s2.json
he_jitter,3,center3,0,0.9893644832,0.007749739225206637,runs/S/c17/fold3/he_jitter__selected__s0.json
he_jitter,3,center3,1,0.9906916672,0.01255712327083607,runs/S/c17/fold3/he_jitter__selected__s1.json
he_jitter,3,center3,2,0.9892955584000002,0.011549337890844072,runs/S/c17/fold3/he_jitter__selected__s2.json
he_jitter_lunit_bt,3,center3,0,0.9871956479999999,0.02786561289623188,runs/S/c17/fold3/he_jitter_lunit_bt__selected__s0.json
he_jitter_lunit_bt,3,center3,1,0.9876538624,0.024169488493045673,runs/S/c17/fold3/he_jitter_lunit_bt__selected__s1.json
he_jitter_lunit_bt,3,center3,2,0.9873057439999999,0.0241988663130334,runs/S/c17/fold3/he_jitter_lunit_bt__selected__s2.json
he_jitter_lunit_dino,3,center3,0,0.9951372415999999,0.014701973209392162,runs/S/c17/fold3/he_jitter_lunit_dino__selected__s0.json
he_jitter_lunit_dino,3,center3,1,0.9955751872,0.015026101158561588,runs/S/c17/fold3/he_jitter_lunit_dino__selected__s1.json
he_jitter_lunit_dino,3,center3,2,0.9951483904000001,0.013945432677072832,runs/S/c17/fold3/he_jitter_lunit_dino__selected__s2.json
irm,3,center3,0,0.9827316096,0.02165702369049064,runs/S/c17/fold3/irm__selected__s0.json
irm,3,center3,1,0.5,0.0,runs/S/c17/fold3/irm__selected__s1.json
irm,3,center3,2,0.9851167584,0.015575081950751524,runs/S/c17/fold3/irm__selected__s2.json
lisa,3,center3,0,0.9869101728,0.03444037990335642,runs/S/c17/fold3/lisa__selected__s0.json
lisa,3,center3,1,0.9861077408000001,0.035266757714482046,runs/S/c17/fold3/lisa__selected__s1.json
lisa,3,center3,2,0.9851518335999999,0.037548387050882065,runs/S/c17/fold3/lisa__selected__s2.json
macenko,3,center3,0,0.9906436512,0.01742959264302205,runs/S/c17/fold3/macenko__selected__s0.json
macenko,3,center3,1,0.9901547647999999,0.011321195364556245,runs/S/c17/fold3/macenko__selected__s1.json
macenko,3,center3,2,0.9896752128000003,0.01718557854748541,runs/S/c17/fold3/macenko__selected__s2.json
macenko_tile,3,center3,0,0.9890258688,0.010742237641892286,runs/S/c17/fold3/macenko_tile__selected__s0.json
macenko_tile,3,center3,1,0.9900887648000001,0.014711321804211717,runs/S/c17/fold3/macenko_tile__selected__s1.json
macenko_tile,3,center3,2,0.9901418688000001,0.012518617295452436,runs/S/c17/fold3/macenko_tile__selected__s2.json
mixstyle,3,center3,0,0.9837185536000002,0.007272515998284813,runs/S/c17/fold3/mixstyle__selected__s0.json
mixstyle,3,center3,1,0.9867293695999999,0.01695337159861101,runs/S/c17/fold3/mixstyle__selected__s1.json
mixstyle,3,center3,2,0.9861595519999999,0.019576323434193063,runs/S/c17/fold3/mixstyle__selected__s2.json
probe_resnet50_imagenet,3,center3,0,0.9503315680000001,0.06830190511825306,runs/S/c17/fold3/probe_resnet50_imagenet__default__s0.json
probe_resnet50_imagenet,3,center3,1,0.9513191584,0.06873967213152549,runs/S/c17/fold3/probe_resnet50_imagenet__default__s1.json
probe_resnet50_imagenet,3,center3,2,0.9512372704000001,0.07097151812351926,runs/S/c17/fold3/probe_resnet50_imagenet__default__s2.json
probe_resnet50_lunit_bt,3,center3,0,0.9855236864000001,0.04417233739408456,runs/S/c17/fold3/probe_resnet50_lunit_bt__default__s0.json
probe_resnet50_lunit_bt,3,center3,1,0.986794272,0.037479317897493744,runs/S/c17/fold3/probe_resnet50_lunit_bt__default__s1.json
probe_resnet50_lunit_bt,3,center3,2,0.9863802368000001,0.038475851806940346,runs/S/c17/fold3/probe_resnet50_lunit_bt__default__s2.json
probe_vit_s16_lunit_dino,3,center3,0,0.9895756544,0.02472497026214826,runs/S/c17/fold3/probe_vit_s16_lunit_dino__default__s0.json
probe_vit_s16_lunit_dino,3,center3,1,0.9898798271999999,0.023806684108850576,runs/S/c17/fold3/probe_vit_s16_lunit_dino__default__s1.json
probe_vit_s16_lunit_dino,3,center3,2,0.9898301888,0.023666608347792828,runs/S/c17/fold3/probe_vit_s16_lunit_dino__default__s2.json
sam,3,center3,0,0.9901198015999999,0.00909584642726579,runs/S/c17/fold3/sam__selected__s0.json
sam,3,center3,1,0.990042592,0.015469277570178084,runs/S/c17/fold3/sam__selected__s1.json
sam,3,center3,2,0.9917348992000001,0.011107239974821843,runs/S/c17/fold3/sam__selected__s2.json
simclr,3,center3,0,0.9915931584,0.012135430158674746,runs/S/c17/fold3/simclr__selected__s0.json
simclr,3,center3,1,0.989481376,0.025619466347748216,runs/S/c17/fold3/simclr__selected__s1.json
simclr,3,center3,2,0.9839844544,0.020565103023715534,runs/S/c17/fold3/simclr__selected__s2.json
tia_style,3,center3,0,0.9911602303999999,0.009397367259343002,runs/S/c17/fold3/tia_style__selected__s0.json
tia_style,3,center3,1,0.9907245312000001,0.009482334296973163,runs/S/c17/fold3/tia_style__selected__s1.json
tia_style,3,center3,2,0.9910900544000001,0.012707701032063411,runs/S/c17/fold3/tia_style__selected__s2.json
coral,4,center4,0,0.9859100416,0.022750151150203006,runs/S/c17/fold4/coral__selected__s0.json
coral,4,center4,1,0.985998432,0.04108450234139678,runs/S/c17/fold4/coral__selected__s1.json
coral,4,center4,2,0.9795641792,0.04227239424770968,runs/S/c17/fold4/coral__selected__s2.json
erm,4,center4,0,0.9857556928000001,0.024836970017318202,runs/S/c17/fold4/erm__selected__s0.json
erm,4,center4,1,0.9797739584000001,0.040508734940343794,runs/S/c17/fold4/erm__selected__s1.json
erm,4,center4,2,0.9760788544,0.017797374039011857,runs/S/c17/fold4/erm__selected__s2.json
erm_lunit_bt,4,center4,0,0.9763270527999998,0.10364814411359724,runs/S/c17/fold4/erm_lunit_bt__selected__s0.json
erm_lunit_bt,4,center4,1,0.9577433919999999,0.1996717502082547,runs/S/c17/fold4/erm_lunit_bt__selected__s1.json
erm_lunit_bt,4,center4,2,0.9800524544000001,0.1352115574938893,runs/S/c17/fold4/erm_lunit_bt__selected__s2.json
erm_lunit_dino,4,center4,0,0.9915031679999999,0.23107132545203596,runs/S/c17/fold4/erm_lunit_dino__selected__s0.json
erm_lunit_dino,4,center4,1,0.991513408,0.15833955475054604,runs/S/c17/fold4/erm_lunit_dino__selected__s1.json
erm_lunit_dino,4,center4,2,0.9859903168,0.3388159660283664,runs/S/c17/fold4/erm_lunit_dino__selected__s2.json
fish,4,center4,0,0.9587724416,0.16137598610803816,runs/S/c17/fold4/fish__selected__s0.json
fish,4,center4,1,0.9733702464,0.09703451428517615,runs/S/c17/fold4/fish__selected__s1.json
fish,4,center4,2,0.9790844,0.056060274546965445,runs/S/c17/fold4/fish__selected__s2.json
groupdro,4,center4,0,0.9890726208,0.024866732481970782,runs/S/c17/fold4/groupdro__selected__s0.json
groupdro,4,center4,1,0.9736403775999999,0.0772634372091378,runs/S/c17/fold4/groupdro__selected__s1.json
groupdro,4,center4,2,0.9914697280000001,0.01829726203937721,runs/S/c17/fold4/groupdro__selected__s2.json
he_jitter,4,center4,0,0.9924250111999999,0.01607380866116109,runs/S/c17/fold4/he_jitter__selected__s0.json
he_jitter,4,center4,1,0.9830739135999998,0.038925428340483514,runs/S/c17/fold4/he_jitter__selected__s1.json
he_jitter,4,center4,2,0.9900120447999999,0.028469699191053282,runs/S/c17/fold4/he_jitter__selected__s2.json
he_jitter_lunit_bt,4,center4,0,0.9912183551999999,0.03565563285609868,runs/S/c17/fold4/he_jitter_lunit_bt__selected__s0.json
he_jitter_lunit_bt,4,center4,1,0.9851110336,0.06173339750116213,runs/S/c17/fold4/he_jitter_lunit_bt__selected__s1.json
he_jitter_lunit_bt,4,center4,2,0.9877304096,0.06674636297350417,runs/S/c17/fold4/he_jitter_lunit_bt__selected__s2.json
he_jitter_lunit_dino,4,center4,0,0.9945225088,0.06784713400552565,runs/S/c17/fold4/he_jitter_lunit_dino__selected__s0.json
he_jitter_lunit_dino,4,center4,1,0.9936089983999999,0.0774179200815294,runs/S/c17/fold4/he_jitter_lunit_dino__selected__s1.json
he_jitter_lunit_dino,4,center4,2,0.9922552896000001,0.15135147520804554,runs/S/c17/fold4/he_jitter_lunit_dino__selected__s2.json
irm,4,center4,0,0.9793623232,0.025775236279288016,runs/S/c17/fold4/irm__selected__s0.json
irm,4,center4,1,0.9888190656,0.030241447404865583,runs/S/c17/fold4/irm__selected__s1.json
irm,4,center4,2,0.9815474240000001,0.049383997446919514,runs/S/c17/fold4/irm__selected__s2.json
lisa,4,center4,0,0.9807967935999999,0.010223339676062662,runs/S/c17/fold4/lisa__selected__s0.json
lisa,4,center4,1,0.9668745536,0.050265922594177295,runs/S/c17/fold4/lisa__selected__s1.json
lisa,4,center4,2,0.9808716224,0.015433362063328874,runs/S/c17/fold4/lisa__selected__s2.json
macenko,4,center4,0,0.9773564608,0.051173599957659736,runs/S/c17/fold4/macenko__selected__s0.json
macenko,4,center4,1,0.9745116160000001,0.10784176735680306,runs/S/c17/fold4/macenko__selected__s1.json
macenko,4,center4,2,0.9822564992,0.02137022707595204,runs/S/c17/fold4/macenko__selected__s2.json
macenko_tile,4,center4,0,0.6760068288,0.43201780130308504,runs/S/c17/fold4/macenko_tile__selected__s0.json
macenko_tile,4,center4,1,0.530361584,0.44661949667154316,runs/S/c17/fold4/macenko_tile__selected__s1.json
macenko_tile,4,center4,2,0.5163699295999999,0.47169399694350106,runs/S/c17/fold4/macenko_tile__selected__s2.json
mixstyle,4,center4,0,0.9687042432,0.03129950680997261,runs/S/c17/fold4/mixstyle__selected__s0.json
mixstyle,4,center4,1,0.9584123328,0.030708259586686937,runs/S/c17/fold4/mixstyle__selected__s1.json
mixstyle,4,center4,2,0.977175488,0.021916288869840553,runs/S/c17/fold4/mixstyle__selected__s2.json
probe_resnet50_imagenet,4,center4,0,0.9634335615999999,0.062406663679864305,runs/S/c17/fold4/probe_resnet50_imagenet__default__s0.json
probe_resnet50_imagenet,4,center4,1,0.9609994208,0.062204698611511774,runs/S/c17/fold4/probe_resnet50_imagenet__default__s1.json
probe_resnet50_imagenet,4,center4,2,0.9656166399999999,0.05819802187420141,runs/S/c17/fold4/probe_resnet50_imagenet__default__s2.json
probe_resnet50_lunit_bt,4,center4,0,0.9812038208000001,0.1389457563291359,runs/S/c17/fold4/probe_resnet50_lunit_bt__default__s0.json
probe_resnet50_lunit_bt,4,center4,1,0.9757032576,0.13810579755910618,runs/S/c17/fold4/probe_resnet50_lunit_bt__default__s1.json
probe_resnet50_lunit_bt,4,center4,2,0.9757978752,0.14114154826280306,runs/S/c17/fold4/probe_resnet50_lunit_bt__default__s2.json
probe_vit_s16_lunit_dino,4,center4,0,0.9431349535999999,0.4835420385313713,runs/S/c17/fold4/probe_vit_s16_lunit_dino__default__s0.json
probe_vit_s16_lunit_dino,4,center4,1,0.9600575295999999,0.4605454849818379,runs/S/c17/fold4/probe_vit_s16_lunit_dino__default__s1.json
probe_vit_s16_lunit_dino,4,center4,2,0.9423913728,0.47085538872083654,runs/S/c17/fold4/probe_vit_s16_lunit_dino__default__s2.json
sam,4,center4,0,0.9859724352,0.008883948150461899,runs/S/c17/fold4/sam__selected__s0.json
sam,4,center4,1,0.9752581824000001,0.0034859345270945525,runs/S/c17/fold4/sam__selected__s1.json
sam,4,center4,2,0.9837840576,0.008860854481805057,runs/S/c17/fold4/sam__selected__s2.json
simclr,4,center4,0,0.9877555200000001,0.027312263066600794,runs/S/c17/fold4/simclr__selected__s0.json
simclr,4,center4,1,0.9776455424000001,0.07890963604769435,runs/S/c17/fold4/simclr__selected__s1.json
simclr,4,center4,2,0.9725327744000001,0.08383889404488834,runs/S/c17/fold4/simclr__selected__s2.json
tia_style,4,center4,0,0.9696592287999999,0.054150047887248934,runs/S/c17/fold4/tia_style__selected__s0.json
tia_style,4,center4,1,0.9640178016000001,0.08146323784195217,runs/S/c17/fold4/tia_style__selected__s1.json
tia_style,4,center4,2,0.9781395008,0.048269533180704954,runs/S/c17/fold4/tia_style__selected__s2.json
