arm,metric,point,ci_lo,ci_hi,boot_mean,boot_sd
baseline,auroc,0.9312516928000001,0.9281106314883518,0.9343737535791987,0.931221526131671,0.0015995941060202342
baseline,avg_precision,0.922110960307864,0.9172493463640062,0.9268932955621582,0.9221518100469075,0.002458003041877271
baseline,accuracy,0.81872,0.814039,0.82364,0.8186943999999999,0.002512882553834277
baseline,f1,0.7942057942057942,0.7880557975035648,0.8003991588135312,0.7941662186619912,0.0030834825961116416
ssl,auroc,0.8946499936,0.890633648257821,0.8986570347940199,0.894629456012141,0.0020265805578439837
ssl,avg_precision,0.8719595256496803,0.8653865526813951,0.8783566856072115,0.8720156395675235,0.0033365866736150955
ssl,accuracy,0.8054,0.80048,0.81008,0.80538,0.0025143917520826925
ssl,f1,0.7988755219314565,0.7932897627832282,0.804099149540215,0.7988426170871947,0.0028511898760537092
sam,auroc,0.8262357376,0.8213902425439612,0.8312063536023818,0.8261767445701259,0.0025177724112603653
sam,avg_precision,0.806741725192762,0.7994959573505607,0.814205711641167,0.806797830907846,0.0037448176779927246
sam,accuracy,0.73328,0.727599,0.7387210000000001,0.7332102199999999,0.0027794054938150934
sam,f1,0.7185785430910779,0.7120644500344088,0.7250581819924378,0.71849814093347,0.003339023552071693
ssl_sam,auroc,0.9506663456,0.9480417587719543,0.953219864801025,0.9506747239228389,0.0013142184057990728
ssl_sam,avg_precision,0.9525462579844719,0.9494896334850083,0.9553760710863536,0.9525645706440256,0.0014924355525411561
ssl_sam,accuracy,0.8832,0.87924,0.88712,0.8832186000000001,0.002017739347893582
ssl_sam,f1,0.886275120735317,0.8821983829912768,0.8904078204847379,0.8862818445041639,0.0020726189599412485
