arm,ref,K,oldham_r,pm_t,pm_df,pm_p,perm_p,n_perm,exhaustive,var_ratio,slope_M_on_E
augonly,erm,5,-0.9355184438813067,-4.586660228382696,3,0.019464414547668816,0.1875,32,True,0.03445067430273788,0.03484305987219993
bnadapt@erm,erm,5,-0.9113108204544023,-3.8337710747891136,3,0.031280685854414146,0.25,32,True,0.04995901881040147,-0.062467886854160284
bnadapt@he_jitter,erm,5,-0.889808956591646,-3.377344023722325,3,0.04317592098746983,0.3125,32,True,0.06266211337065022,-0.06994303919515983
bnadapt@simclr,erm,5,-0.9452951306682268,-5.019059056316813,3,0.015232693003158222,0.25,32,True,0.02935274710531931,0.03608764155516939
compute_matched,erm,5,0.5705710208604208,1.203360836774216,3,0.3151362544304608,0.625,32,True,1.8195120737757329,1.213124687519649
coral,erm,5,-0.8199484187491786,-2.480956504994336,3,0.08919442247723616,0.375,32,True,0.6364881202358917,0.7876463981448081
fish,erm,5,0.22268460885500743,0.3956352439330902,3,0.7188302050242311,0.75,32,True,1.5468824107074597,0.33740092813408507
groupdro,erm,5,-0.908356723468189,-3.762157549220772,3,0.032841493119974835,0.0625,32,True,0.7370206581550055,0.8563620872201114
he_jitter,erm,5,-0.39465876903307795,-0.7439577557055647,3,0.5108723738668451,0.6875,32,True,0.4511040019558202,-0.20696973775449823
irm,erm,5,-0.877033846867706,-3.1619000406704125,3,0.05079665190500173,0.1875,32,True,0.6181338901371451,0.7792269555535597
lisa,erm,5,-0.4246378255225643,-0.8123747485349161,3,0.47605344646432945,0.5625,32,True,0.4519278532594018,0.3325041326310613
macenko,erm,5,-0.41370469975223784,-0.7870702999063633,3,0.48869186493576994,0.6875,32,True,0.4270729642428253,0.17224518309082826
macenko_tile,erm,5,-0.2832727372310255,-0.5115981440667944,3,0.644209361865786,0.9375,32,True,0.5617132781551755,0.10611608781465667
mixstyle,erm,5,-0.39601194255642674,-0.7469820537225772,3,0.5092898139896636,0.625,32,True,0.7027884853609541,0.7642350952574659
sam,erm,5,-0.7345954244114572,-1.8752343302838386,3,0.15743553442351338,0.4375,32,True,0.4665495749895849,0.6370687694544035
simclr,erm,5,-0.1153996619057554,-0.20122241596747564,3,0.8533953578470239,0.875,32,True,0.8316942681023146,0.5540757645978177
simclr_sam,erm,5,-0.06143733540250995,-0.10661398633431142,3,0.9218247932386432,0.8125,32,True,0.9138066147413552,0.6508442093946898
tent@erm,erm,5,-0.910814577875623,-3.821504640673853,3,0.031541171280389524,0.3125,32,True,0.04888606205074091,-0.04927855733513822
tia_style,erm,5,-0.7547261883071706,-1.992598404378621,3,0.14032956643495756,0.125,32,True,0.1573614304731758,-0.15244043383685874
