arm,K,seeds,mean,mean_ci_t,worst,worst_domain,sd_across,range,mean_within_sd,worst_ci_seed,mean_ci_seed,worst_ci_domain,mean_ci_domain,worst_ci_two_stage,mean_ci_two_stage,ece_mean,ece_worst,dom_HamamatsuXR,dom_HamamatsuS360,dom_AperioCS2
coral,3,3,0.8587051847110175,"[0.7965509663295667, 0.9208594030924684]",0.840418410131762,HamamatsuS360,0.025020439924977832,0.046800701888589646,0.008446018711504343,"[0.8259011753479945, 0.8478983858038424]","[0.8536320681907482, 0.8631490216551287]","[0.840418410131762, 0.8872191120203516]","[0.840418410131762, 0.8872191120203516]","[0.8259011753479945, 0.882303699983258]","[0.8392035066465252, 0.8862066800602711]",0.15513101987143046,0.17958272862748692,0.8872191120203516,0.840418410131762,0.848478031980939
erm,3,3,0.8631660162544881,"[0.8170768377896929, 0.9092551947192833]",0.8496692520454149,HamamatsuS360,0.018553391081081328,0.03465369716097333,0.0061161254130721225,"[0.8401384886172414, 0.8548388788214369]","[0.8596570103096998, 0.866369008869647]","[0.8496692520454149, 0.8843229492063882]","[0.8496692520454149, 0.8843229492063882]","[0.8401384886172414, 0.8804743296051746]","[0.8490824592996017, 0.8833786592511833]",0.16385619439991267,0.1900428294433365,0.8843229492063882,0.8496692520454149,0.8555058475116614
erm_lunit_bt,3,3,0.8877431487737923,"[0.8606637683749739, 0.9148225291726108]",0.8796027131782947,AperioCS2,0.010900917558259579,0.020525097743209764,0.006563061106622165,"[0.8733860616128059, 0.8833559851001712]","[0.8840805459607641, 0.8911537808758951]","[0.8796027131782947, 0.9001278109215045]","[0.8796027131782947, 0.9001278109215045]","[0.8733860616128059, 0.89647315358136]","[0.8786164847784377, 0.8993165722716996]",0.13362027012743574,0.14867435459539405,0.9001278109215045,0.8834989222215776,0.8796027131782947
erm_lunit_dino,3,3,0.8692604744806932,"[0.8324081279932095, 0.9061128209681769]",0.8557643503137689,AperioCS2,0.014835065831343999,0.029380386367149014,0.007890349420623456,"[0.8494601328903655, 0.8595920794321956]","[0.8649232784059225, 0.8735362216470733]","[0.8557643503137689, 0.8851447366809179]","[0.8557643503137689, 0.8851447366809179]","[0.8494601328903655, 0.8802170743957566]","[0.8561044296482778, 0.8844397021984448]",0.09885966616895331,0.15152103875811343,0.8851447366809179,0.866872336447393,0.8557643503137689
fish,3,3,0.8500514047633518,"[0.7657292692898081, 0.9343735402368956]",0.8215605114021006,HamamatsuS360,0.03394422743784809,0.066047545994395,0.009647903743133809,"[0.8070153381946191, 0.830999400398445]","[0.8442340913971967, 0.8556414079709208]","[0.8215605114021006, 0.8876080573964956]","[0.8215605114021006, 0.8876080573964956]","[0.8070153381946191, 0.8863952828378109]","[0.8215605114021006, 0.8873174542895605]",0.1630232216035807,0.20646354809285825,0.8876080573964956,0.8215605114021006,0.8409856454914594
groupdro,3,3,0.8593435457073899,"[0.799067199336356, 0.9196198920784239]",0.8359996350548675,AperioCS2,0.024264494712457004,0.048434587238133986,0.014584128368760094,"[0.8044082855129365, 0.8546527358300616]","[0.8496030726998426, 0.8673897716139422]","[0.8359996350548675, 0.8844342222930015]","[0.8359996350548675, 0.8844342222930015]","[0.8044082855129365, 0.8768982780234634]","[0.8353646514983722, 0.8829607896782133]",0.1605639102595707,0.19992636105568687,0.8844342222930015,0.8575967797743006,0.8359996350548675
he_jitter,3,3,0.893753973680976,"[0.8711039332487567, 0.9164040141131953]",0.8853537450921172,AperioCS2,0.009117868274919706,0.01809694561770303,0.0035032401814591124,"[0.8832946365649853, 0.8872539766435116]","[0.8917816053893589, 0.8963801275816544]","[0.8853537450921172, 0.9034506907098202]","[0.8853537450921172, 0.9034506907098202]","[0.8832946365649853, 0.9026309449433016]","[0.8856001879257692, 0.9032917777696109]",0.10985372781798174,0.1295766070865954,0.9034506907098202,0.8924574852409904,0.8853537450921172
he_jitter_lunit_bt,3,3,0.8941379877168799,"[0.87826264543626, 0.9100133299974998]",0.8882612461827577,AperioCS2,0.006390685269067013,0.01268018538123139,0.006947123206228922,"[0.8766721408436524, 0.8951176004228328]","[0.8902147775373837, 0.8978727233110703]","[0.8882612461827577, 0.9009414315639891]","[0.8882612461827577, 0.9009414315639891]","[0.8766721408436524, 0.8988884941586733]","[0.8866836624830811, 0.9009060264351653]",0.1112835983245633,0.12126897107249031,0.9009414315639891,0.8932112854038929,0.8882612461827577
he_jitter_lunit_dino,3,3,0.8783000907349751,"[0.8471725667648414, 0.9094276147051087]",0.8641753917916709,AperioCS2,0.01253051464227673,0.02390430015542444,0.006000196456233932,"[0.861743997281788, 0.8671945786771369]","[0.8747814297721884, 0.8815258889070754]","[0.8641753917916709, 0.8880796919470954]","[0.8641753917916709, 0.8880796919470954]","[0.861743997281788, 0.8867177509998733]","[0.8645850811548486, 0.8890020102888433]",0.10448990906506728,0.11518793079373864,0.8880796919470954,0.8826451884661591,0.8641753917916709
irm,3,3,0.8544833802615952,"[0.8098767791431989, 0.8990899813799915]",0.8426137412329272,AperioCS2,0.01795657338478196,0.03252764704685207,0.007384033562774734,"[0.8359666012282293, 0.847683474852195]","[0.8506224909057766, 0.8588514874211435]","[0.8426137412329272, 0.8751413882797793]","[0.8426137412329272, 0.8751413882797793]","[0.8359666012282293, 0.8688069891748641]","[0.8415993056254685, 0.873144597844773]",0.16622535095571148,0.20455208783050513,0.8751413882797793,0.8456950112720794,0.8426137412329272
lisa,3,3,0.8645936468124858,"[0.8356411847822113, 0.8935461088427604]",0.8555535139015148,HamamatsuS360,0.011654934383743727,0.02219411465463006,0.006358192076276255,"[0.8502672417683733, 0.8598108998536457]","[0.86128632158977, 0.8679396386235405]","[0.8555535139015148, 0.8777476285561449]","[0.8555535139015148, 0.8777476285561449]","[0.8502672417683733, 0.8742552870028951]","[0.8545275261678009, 0.8771164004959989]",0.13012280459612333,0.15532338347137406,0.8777476285561449,0.8555535139015148,0.860479797979798
macenko,3,3,0.8733992827316843,"[0.8340035753359434, 0.9127949901274253]",0.8607403981677239,AperioCS2,0.015858906376197163,0.030447794226505565,0.0033299326697972275,"[0.8574653302124231, 0.8652628863384678]","[0.8716406161267019, 0.8752149982934423]","[0.8607403981677239, 0.8911881923942294]","[0.8607403981677239, 0.8911881923942294]","[0.8574653302124231, 0.8892781745497013]","[0.8611909865543587, 0.8908186432441924]",0.13951871903712146,0.14793814446577264,0.8911881923942294,0.8682692576330998,0.8607403981677239
macenko_tile,3,3,0.8686804089092752,"[0.8234142638679595, 0.913946553950591]",0.8493882974260881,AperioCS2,0.01822207554265664,0.03621174014133932,0.005922694919674121,"[0.8435061788986208, 0.8555021770864796]","[0.8656043881419068, 0.8719345730487315]","[0.8493882974260881, 0.8856000375674274]","[0.8493882974260881, 0.8856000375674274]","[0.8435061788986208, 0.8825058290763721]","[0.8500933686253452, 0.8850361858716527]",0.14582453044760624,0.16310663033664977,0.8856000375674274,0.87105289173431,0.8493882974260881
mixstyle,3,3,0.8725500397688112,"[0.8410511343421966, 0.9040489451954258]",0.8608552300412766,AperioCS2,0.012680015797035139,0.025171524500502862,0.011666448425966555,"[0.8423861748716398, 0.870725527702272]","[0.8658564879343978, 0.8785781528371039]","[0.8608552300412766, 0.8860267545417795]","[0.8608552300412766, 0.8860267545417795]","[0.8423861748716398, 0.8810990922566182]","[0.8587642005178012, 0.8859522321993687]",0.12720142588207317,0.14582308096645547,0.8860267545417795,0.8707681347233774,0.8608552300412766
probe_resnet50_imagenet,3,3,0.6486555709030393,"[0.585567278494731, 0.7117438633113475]",0.6230190328020809,HamamatsuXR,0.025396455321568277,0.050785901123547084,0.004594510756539417,"[0.6194460437823865, 0.6249525302887384]","[0.6461611281284375, 0.6511321044316704]","[0.6230190328020809, 0.673804933925628]","[0.6230190328020809, 0.673804933925628]","[0.6194460437823865, 0.6722758425046583]","[0.6235655299797599, 0.673804933925628]",0.32581499562367205,0.3507120205884446,0.6230190328020809,0.673804933925628,0.6491427459814089
probe_resnet50_lunit_bt,3,3,0.8034559602283284,"[0.7635764840996669, 0.8433354363569899]",0.7895320522500754,AperioCS2,0.016053649497980715,0.03148365665136321,0.005533056855479511,"[0.780974718111346, 0.7991087158965066]","[0.8003456952374951, 0.8066836727839255]","[0.7895320522500754, 0.8210157089014386]","[0.7895320522500754, 0.8210157089014386]","[0.780974718111346, 0.8177295798573256]","[0.78962889803585, 0.8204168078848042]",0.22542870117181613,0.25922930787898785,0.8210157089014386,0.7998201195334712,0.7895320522500754
probe_vit_s16_lunit_dino,3,3,0.757437051935301,"[0.7375012340932733, 0.7773728697773287]",0.7481805178026107,AperioCS2,0.008025246647146581,0.014261650817970484,0.005539168517154642,"[0.7471323492399073, 0.7500943823618242]","[0.7543370613277152, 0.7609003792027259]","[0.7481805178026107, 0.7624421686205812]","[0.7481805178026107, 0.7624421686205812]","[0.7471323492399073, 0.7624421686205812]","[0.7484893578643579, 0.7650936614507535]",0.2588403943349343,0.3037398458561564,0.7624421686205812,0.7616884693827113,0.7481805178026107
sam,3,3,0.8806663051535436,"[0.8160374057433428, 0.9452952045637444]",0.8574317720393303,AperioCS2,0.026016633097793944,0.05134369316383991,0.0064629721184193585,"[0.8554895927715696, 0.8584138729487568]","[0.8751165211785744, 0.8849586259633022]","[0.8574317720393303, 0.9087754652031702]","[0.8574317720393303, 0.9087754652031702]","[0.8554895927715696, 0.9073462695952926]","[0.8577542451088963, 0.9084464099286899]",0.10922244097511635,0.15989272672384755,0.9087754652031702,0.8757916782181304,0.8574317720393303
simclr,3,3,0.8608454519734492,"[0.8033647669641124, 0.918326136982786]",0.8383149691925151,HamamatsuS360,0.023139089567441134,0.04623358874911654,0.00847037000719563,"[0.8226549454233639, 0.8478204805838702]","[0.8556702479344725, 0.8655354860028511]","[0.8383149691925151, 0.8845485579416317]","[0.8383149691925151, 0.8845485579416317]","[0.8226549454233639, 0.8798638589098097]","[0.8383149691925151, 0.8830570902394107]",0.17593679816811028,0.19179656841016288,0.8845485579416317,0.8383149691925151,0.8596728287862009
tia_style,3,3,0.8866021210787425,"[0.8456055129547418, 0.9275987292027431]",0.8738296587133796,AperioCS2,0.016503355643525255,0.03140650565228231,0.00365684096337947,"[0.8684986283096747, 0.8802822661834289]","[0.8844356509016005, 0.8888412828180606]","[0.8738296587133796, 0.9052361643656619]","[0.8738296587133796, 0.9052361643656619]","[0.8684986283096747, 0.9026646331254876]","[0.8741490657508669, 0.9045648762929117]",0.11468650300437606,0.14710114174182481,0.9052361643656619,0.880740540157186,0.8738296587133796
