arm,K,seeds,mean,mean_ci_t,worst,worst_domain,sd_across,range,mean_within_sd,worst_ci_seed,mean_ci_seed,worst_ci_domain,mean_ci_domain,worst_ci_two_stage,mean_ci_two_stage,ece_mean,ece_worst,dom_center0,dom_center1,dom_center2,dom_center3,dom_center4
probe_convnext_tiny_imagenet,5,3,0.9723110039466668,"[0.9580390516818029, 0.9865829562115307]",0.9538438698666667,center1,0.011494214445703609,0.031052596266666566,0.000810816443743368,"[0.9525975935999998, 0.9545492287999999]","[0.9719721462506667, 0.9726493586773334]","[0.9538438698666667, 0.9730324362666667]","[0.9624424768000001, 0.9801508541866667]","[0.9525975935999998, 0.9731539104000001]","[0.962437187568, 0.9804808689013335]",0.04454099868332696,0.06278794158609308,0.9776483381333335,0.9538438698666667,0.9730324362666667,0.9721339093333333,0.9848964661333333
probe_resnet18_imagenet,5,3,0.95218673152,"[0.9344822899778571, 0.9698911730621429]",0.9348942432,center1,0.014258641281179719,0.031649179733333366,0.0014168740178714602,"[0.9344332736, 0.9350477696]","[0.951279213088, 0.9530051722666666]","[0.9348942432, 0.9582734901333333]","[0.9411810461866666, 0.9631302666666667]","[0.9344332736, 0.9582734901333333]","[0.9409356597333334, 0.9630992446613335]",0.06552525537103387,0.12127550142002667,0.9621454986666667,0.9348942432,0.9665434229333334,0.9582734901333333,0.9390770026666667
probe_resnet50_imagenet,5,3,0.9489974914133332,"[0.9211541425868134, 0.9768408402398531]",0.9111554165333332,center1,0.022424221743401567,0.05690659306666679,0.0015469002243645483,"[0.910437008, 0.9124533727999999]","[0.9482985705653333, 0.9496710072960001]","[0.9111554165333332, 0.9514574911999999]","[0.9296547229866665, 0.9636997137066666]","[0.910437008, 0.9514574911999999]","[0.9296324841333333, 0.9634480448693332]",0.07733202940909839,0.102376970508763,0.9680620096,0.9111554165333332,0.9514574911999999,0.9509626656000001,0.9633498741333333
probe_resnet50_lunit_bt,5,3,0.98069746816,"[0.970339023845485, 0.9910559124745151]",0.9708460245333334,center1,0.008342389188621043,0.021096864000000104,0.0019462022765536536,"[0.9691881023999999, 0.9740685696000001]","[0.9798159025493334, 0.981632004768]","[0.9708460245333334, 0.9775683178666666]","[0.97461102464, 0.9877917550933333]","[0.9691881023999999, 0.9786596586666668]","[0.9743557362773334, 0.9874361346026668]",0.06075012254549568,0.13939770071701504,0.9919428885333335,0.9708460245333334,0.9768973781333333,0.9862327317333334,0.9775683178666666
probe_resnet50_lunit_mocov2,5,3,0.9028324172800002,"[0.7223617589101892, 1.0833030756498112]",0.6448712543999999,center4,0.1453458090360082,0.3457590186666669,0.010100747184153682,"[0.6223973664, 0.6889243935999999]","[0.8971832868213334, 0.9113528360640001]","[0.6448712543999999, 0.9579913088]","[0.77366992128, 0.9788758429866669]","[0.6223973664, 0.95799632]","[0.7699273801919999, 0.9788273801760001]",0.15523917088319877,0.4974970386057162,0.9906302730666668,0.9579913088,0.9431055701333335,0.9775636799999999,0.6448712543999999
probe_resnet50_lunit_swav,5,3,0.9401769489066666,"[0.8553177299353142, 1.0250361678780189]",0.8191325824,center4,0.0683431420207984,0.16610009813333326,0.011751985966158516,"[0.7882327455999999, 0.8719524544000001]","[0.9336156597759999, 0.9505360976106667]","[0.8191325824, 0.9651100618666666]","[0.8788785405866666, 0.9771836330666666]","[0.7882327455999999, 0.9651100618666666]","[0.876118482272, 0.9770243911680001]",0.14280520203269473,0.4041677480019879,0.9718848938666667,0.9651100618666666,0.9595245258666667,0.9852326805333332,0.8191325824
probe_vit_b16_imagenet,5,3,0.96735364608,"[0.9521019814224491, 0.9826053107375509]",0.9520501653333334,center1,0.012283246256325743,0.02603804799999998,0.0008824234147689914,"[0.9512614176, 0.9528370624]","[0.966970547936, 0.9677449077333333]","[0.9520501653333334, 0.9724941621333333]","[0.9578799204266668, 0.9768273717333333]","[0.9512614176, 0.9726455231999999]","[0.957746554544, 0.9768051834773335]",0.06660564707379273,0.1702075237560027,0.9780882133333334,0.9520501653333334,0.9777331349333332,0.9724941621333333,0.9564025546666667
probe_vit_b16_swag,5,3,0.9697419185066666,"[0.9540354977781424, 0.9854483392351907]",0.9477806944,center1,0.012649493543539657,0.0300278325333333,0.0009979278651111646,"[0.9469718304000002, 0.9488496832000001]","[0.9693284409546666, 0.9701864915733333]","[0.9477806944, 0.9752294933333333]","[0.9582813674666667, 0.9772231697066666]","[0.9469718304000002, 0.9752294933333333]","[0.958252234352, 0.9771882966933333]",0.0639174196054274,0.15100247831379424,0.9776346506666665,0.9477806944,0.9778085269333333,0.9752294933333333,0.9702562272
probe_vit_s16_lunit_dino,5,3,0.9789907050666666,"[0.9564907084796925, 1.0014907016536407]",0.948527952,center4,0.01812084156383958,0.04360288960000003,0.002155279647683811,"[0.9423913728, 0.9600575295999999]","[0.9777547952853334, 0.9812821407786667]","[0.948527952, 0.9884039296]","[0.9627687219200001, 0.9904378786133332]","[0.9423913728, 0.9884039296]","[0.9627329658506665, 0.9904215949333334]",0.11402527411240096,0.4716476374113485,0.9921308416,0.9761289120000001,0.9884039296,0.9897618901333333,0.948527952
