arm,K,N,sigma_domain_anova,sigma_run_anova,s2_domain_raw,icc_anova,icc_raw,F,p_F,sigma_domain_reml,sigma_run_reml,icc_reml,reml_boundary,anova_truncated,icc_ci_lo,icc_ci_hi,icc_ci_exact,sigma_run_ci,sigma_domain_ci_mls,halfn_sigma_domain_med,halfn_sigma_domain_ci,halfn_sigma_domain_u95,halfn_sigma_run_med,halfn_sigma_run_ci,halfn_sigma_run_u95,halfn_icc_med,halfn_icc_ci,halfn_icc_u95,halfc_sigma_domain_med,halfc_sigma_domain_ci,halfc_sigma_domain_u95,halfc_sigma_run_med,halfc_sigma_run_ci,halfc_sigma_run_u95,halfc_icc_med,halfc_icc_ci,halfc_icc_u95
probe_convnext_tiny_imagenet,5,15,0.010726993772900909,0.0020403390423957913,0.00011506839540385487,0.9650848337961743,0.9650848337961743,83.92254673762059,1.1860922797325992e-07,0.010726993584113687,0.002040339056520706,0.9650848321435765,False,False,0.8556414397366037,0.9959688310789911,True,"[0.0014256196647940197, 0.003580659433597615]","[0.006362469849675482, 0.03098551386684445]",0.013824515991557276,"[0.00687290083597023, 0.04330942276544665]",0.034690964052304964,0.002235802612991499,"[0.001479281794436159, 0.003937397175249662]",0.00354656067304428,0.9744948160020609,"[0.8601976962981301, 0.9976477892443698]",0.9963053858435865,0.013747265286539639,"[0.006866454451709714, 0.042041830571295916]",0.03387888376236494,0.002235763543679768,"[0.0014792704132772774, 0.0039371945080375476]",0.003546410174636526,0.9741719880825574,"[0.8595262752838864, 0.9975177311834962]",0.9961395960405092
probe_resnet18_imagenet,5,15,0.011833690426294867,0.003068819279510306,0.0001400362291053828,0.936986234715924,0.936986234715924,45.608645293223304,2.175250457947164e-06,0.011833690511287336,0.0030688192709621754,0.9369862358929733,False,False,0.7542406450619514,0.9925991241914396,True,"[0.002144236336051171, 0.00538557390456152]","[0.006949629382428819, 0.03433399703057486]",0.01520613014328895,"[0.007452747699930786, 0.04733146078495746]",0.03804035586200196,0.0033651840714215846,"[0.002225615976253899, 0.005936386967344938]",0.00534442420630789,0.9532996853115747,"[0.758878820873969, 0.9955597410152481]",0.993066032597676,0.015105414781979016,"[0.0074370895793299495, 0.045884001793270665]",0.037095387055853836,0.003365048997197481,"[0.0022255763682543137, 0.005935707108878456]",0.005343914610823422,0.9527174470728508,"[0.7577350697195077, 0.9952999983120544]",0.9927457606392731
probe_resnet50_imagenet,5,15,0.019667503897110618,0.0035278068851336453,0.0003868107095428614,0.968828477627081,0.968828477627081,94.24169022319971,6.765941367239343e-08,0.019667503896679057,0.0035278068851641513,0.9688284776252335,False,False,0.8700791232155662,0.9964091736610505,True,"[0.0024649387991599585, 0.0061910666515168486]","[0.011679241872399744, 0.056778097248207184]",0.024959658513187696,"[0.012568270338221822, 0.07200234815094368]",0.059218998082448626,0.0038652993159985225,"[0.0025575877237666777, 0.006805251788122887]",0.006130201938234161,0.9764788184854857,"[0.8730258952215441, 0.9974964890063431]",0.9962361671531214,0.024650159612205274,"[0.012516535130147206, 0.06975945489256086]",0.05740908177255327,0.003865055780232129,"[0.0025575168498471117, 0.006803982474315691]",0.006129260777668693,0.9758943323700534,"[0.8716510790421159, 0.9973420667591193]",0.9960210224673922
probe_resnet50_lunit_bt,5,15,0.0063621858662046655,0.004136672785999406,4.047740899613441e-05,0.7028612779356863,0.7028612779356863,8.096294347495615,0.003523772448582808,0.0063621858215075645,0.004136672795708669,0.7028612740208228,False,False,0.21299580583781177,0.9592406054906022,True,"[0.0028903637817047838, 0.007259585846822228]","[0.00300850301303724, 0.0193681825807097]",0.008057866763622428,"[0.002754533356792741, 0.027456644119452995]",0.021664772321782776,0.004584025336960966,"[0.0030127421248338487, 0.008198529416387738]",0.007380712221120615,0.7596305157249141,"[0.15561076912263097, 0.9764057431008779]",0.9623859223193328,0.008033821953136929,"[0.0027492866322400785, 0.026962927507374855]",0.021386304934396576,0.004583782907058012,"[0.0030126661874172096, 0.008196762081199288]",0.007379550691922888,0.7584900730929143,"[0.15480523667745189, 0.9756121704069786]",0.9614623990103447
probe_resnet50_lunit_mocov2,5,15,0.018693101076187046,0.016802907864034607,0.0003494320278445453,0.5531002918095078,0.5531002918095078,4.712915549099535,0.021343626109464026,0.018693101017535987,0.016802907879348492,0.5531002898078606,False,False,0.017918033793536244,0.9313194111356231,True,"[0.011740478116108623, 0.029487986704690022]","[0.0033298892197081, 0.059667427695445655]",0.022550000593191427,"[0.0038231318705338486, 0.0719490830736461]",0.05883332595741216,0.018745541835809638,"[0.012281042850143706, 0.03252369117410854]",0.029565442616301705,0.5994833286490044,"[0.02153224303293795, 0.9462993514073648]",0.9207655142231504,0.022196317614604128,"[0.003747860899139567, 0.06960860180556402]",0.056908863994082896,0.018722991020051385,"[0.012274823816490005, 0.03240007622572886]",0.029469575393731337,0.5926907275706063,"[0.02078015575128567, 0.9432618260232573]",0.9162724985692106
probe_resnet50_lunit_swav,5,15,0.03237355807371948,0.013788971102407878,0.0010480472623524877,0.8464397216331714,0.8464397216331714,17.536302173362344,0.00016258562098725598,0.03237355806176985,0.013788971104284864,0.8464397215018299,False,False,0.4936338094223324,0.9809025419386058,True,"[0.00963458913072931, 0.024198727971928905]","[0.0181371850899055, 0.0954376441214963]",0.03947100054022269,"[0.01853769305723121, 0.10416215326102464]",0.08809428182623828,0.015156408032553496,"[0.010009621017917483, 0.026956591103519716]",0.02420594776038219,0.872116176353868,"[0.46945367904186397, 0.9823971933107704]",0.9750997356331003,0.0387359251399848,"[0.01837367957517835, 0.10392503608813851]",0.08666395274242424,0.015140745027748969,"[0.010004877725272178, 0.026880442364758766]",0.02414703271258122,0.8681478689849822,"[0.4642363897133505, 0.9823208717424667]",0.9743562458014142
probe_vit_b16_imagenet,5,15,0.009189614287936625,0.0029757280540070497,8.444901076104894e-05,0.9050955964569287,0.9050955964569287,29.6107565929592,1.6049670779596905e-05,0.009189614288981428,0.002975728053878034,0.9050955964839091,False,False,0.6522460422321278,0.9886309377877713,True,"[0.002079191910129985, 0.005222204989956033]","[0.005323863682595, 0.02680444191137187]",0.01183157571075968,"[0.0056703526366465645, 0.03785762726994448]",0.030179253659708395,0.0032661582589897454,"[0.0021589464970419017, 0.005778123447291565]",0.005196458005084347,0.929250181020932,"[0.6550443149222697, 0.9934895914451467]",0.9896872758285883,0.011776486411864196,"[0.005658636229938702, 0.036880109601136815]",0.029570094146620488,0.0032660456687112044,"[0.0021589131318112322, 0.005777525793236624]",0.005196006294732145,0.9288667400818303,"[0.6536361135345332, 0.9931572496047826]",0.9893013082448262
probe_vit_b16_swag,5,15,0.012105945946276956,0.002187773390133045,0.00014655392725417948,0.9683735723410622,0.9683735723410622,92.85737789775914,7.269194677496973e-08,0.012105945727935002,0.0021877734056795096,0.9683735708010548,False,False,0.8683123102089709,0.9963557718880887,True,"[0.0015286345564531558, 0.0038393969164827275]","[0.007187897759165538, 0.034951071902681756]",0.015575759794281214,"[0.007765747363754061, 0.04814625743192978]",0.038752724241970564,0.0023971651628633406,"[0.0015861185134824552, 0.004220794145648293]",0.00380202680328356,0.9768595134885538,"[0.8727026918485473, 0.9978209485879527]",0.9965931092392144,0.015466873025712235,"[0.0077477809849924315, 0.046638416173799595]",0.037740106076064414,0.0023971152439850184,"[0.0015861039842209046, 0.0042205342205724515]",0.0038018340071855152,0.9764934917062267,"[0.8718158737577192, 0.9976887021737749]",0.9964320939472737
probe_vit_s16_lunit_dino,5,15,0.010106211268878916,0.003777442588154526,0.0001021355062112152,0.8774182883186296,0.8774182883186296,22.473471277656586,5.5287407579943924e-05,0.010106211314257527,0.0037774425817852387,0.8774182896472206,False,False,0.5732263983993721,0.9850562412128862,True,"[0.002639363519692367, 0.00662916072138031]","[0.005772002853026244, 0.029621900378205366]",0.012971246085139053,"[0.006088258128750679, 0.04134145287199441]",0.033064012876148116,0.004149886799663737,"[0.002741622554155448, 0.007363254416331292]",0.006616135406379158,0.9076177521768728,"[0.5702516872861183, 0.991229002147993]",0.9861996600316814,0.012900827526747951,"[0.00607166473265292, 0.04020625156566816]",0.03231485584730341,0.00414965426783302,"[0.0027415530414426274, 0.007362068851506671]",0.0066152300085452805,0.9066686763304413,"[0.568848611767361, 0.9907548336036617]",0.9856057570373634
