arm,ref,K,mean_diff,sd_diff,ci,t,p,p_holm,n_improved,n_worse,rho0_Keff,rho0_ci,rho0_p,rho0.25_Keff,rho0.25_ci,rho0.25_p,rho0.5_Keff,rho0.5_ci,rho0.5_p,rho1_Keff,rho1_ci,rho1_p
bnadapt@erm,erm,5,0.11982024841141914,0.14244821961526863,"[-0.05705257749308351, 0.2966930743159218]",1.8808674566272088,0.13314768124227153,1.0,5,0,5.0,"[-0.057052577493083484, 0.29669307431592173]",0.13314768124227142,3.3333333333333335,"[-0.11176064104233213, 0.3514011378651704]",0.22420353008185373,2.5,"[-0.16901186680868352, 0.4086523636315218]",0.31356454662849703,1.666666666666667,"[-0.3134279244187348, 0.5530684212415731]",0.485389581921682
coral,erm,5,0.03737095055059787,0.07359710236870749,"[-0.05401192183274338, 0.1287538229339391]",1.1354249437196637,0.31961620414474545,1.0,4,1,5.0,"[-0.05401192183274338, 0.1287538229339391]",0.31961620414474545,3.3333333333333335,"[-0.0822773151405881, 0.15701921624178383]",0.4347603474409632,2.5,"[-0.11185665516210781, 0.18659855626330357]",0.525143886252615,1.666666666666667,"[-0.18647045801846063, 0.26121235911965635]",0.6670806758625487
erm_lunit_bt,erm,5,0.09917702822726508,0.12567281102221853,"[-0.05686637677208915, 0.2552204332266193]",1.7646344910942797,0.15239042052753238,1.0,5,0,5.0,"[-0.05686637677208918, 0.25522043322661936]",0.15239042052753238,3.3333333333333335,"[-0.10513174751793243, 0.3034858039724626]",0.24900847186495265,2.5,"[-0.15564078508932128, 0.35399484154385147]",0.340670356707815,1.666666666666667,"[-0.2830496917476144, 0.4814037482021446]",0.5111254278573599
erm_lunit_dino,erm,5,0.13864510137563682,0.1221358234627364,"[-0.013006553509013835, 0.2902967562602875]",2.538320556850059,0.06409515982867774,1.0,5,0,5.0,"[-0.013006553509013835, 0.2902967562602875]",0.06409515982867774,3.3333333333333335,"[-0.059913523702714966, 0.3372037264539886]",0.12456696283108806,2.5,"[-0.10900101403506071, 0.3862912167863344]",0.1950596106536702,1.666666666666667,"[-0.2328240717404094, 0.510114274491683]",0.3586123793306881
fish,erm,5,0.058887309149610066,0.11776240678801482,"[-0.08733403170089477, 0.2051086500001149]",1.1181499245986426,0.3261201794608143,1.0,4,1,5.0,"[-0.08733403170089477, 0.2051086500001149]",0.3261201794608143,3.3333333333333335,"[-0.13256136589764053, 0.25033598419686065]",0.441231751789839,2.5,"[-0.17989114057659963, 0.29766575887581975]",0.5311333900196161,1.666666666666667,"[-0.2992803654397045, 0.4170549837389246]",0.6717304678318414
groupdro,erm,5,0.01737682363980997,0.0338716712031925,"[-0.024680411052189405, 0.05943405833180934]",1.1471461995054484,0.31527131528624497,1.0,3,2,5.0,"[-0.024680411052189405, 0.05943405833180934]",0.31527131528624497,3.3333333333333335,"[-0.037689022502078576, 0.07244266978169851]",0.43041354660815423,2.5,"[-0.05130235301877489, 0.08605600029839483]",0.5211078055190019,1.666666666666667,"[-0.08564194134806732, 0.12039558862768726]",0.6639359877263507
he_jitter,erm,5,0.11754448123590991,0.12860178912866246,"[-0.04213573042974281, 0.2772246929015626]",2.0438086608614876,0.11046442381348104,1.0,5,0,5.0,"[-0.04213573042974281, 0.2772246929015626]",0.11046442381348104,3.3333333333333335,"[-0.09152599217678267, 0.32661495464860246]",0.19354957457793484,2.5,"[-0.14321221249773217, 0.37830117496955196]",0.2789230731247333,1.666666666666667,"[-0.2735905593645531, 0.5086795218363729]",0.45099826310354274
he_jitter_lunit_bt,erm,5,0.12743379325801513,0.14351075313859674,"[-0.05075834226928863, 0.3056259287853189]",1.9855698484167437,0.11804706826376753,1.0,4,1,5.0,"[-0.05075834226928866, 0.3056259287853189]",0.11804706826376758,3.3333333333333335,"[-0.1058744779704704, 0.36074206448650065]",0.2039839125324106,2.5,"[-0.1635527455544919, 0.41842033207052215]",0.2908683213009086,1.666666666666667,"[-0.30904601496074535, 0.5639136014767756]",0.46306380885619525
he_jitter_lunit_dino,erm,5,0.14318307499163066,0.12705056359972056,"[-0.01457103578164029, 0.3009371857649016]",2.5199973918843797,0.06535695350190435,1.0,5,0,5.0,"[-0.014571035781640318, 0.30093718576490164]",0.06535695350190437,3.3333333333333335,"[-0.0633655403823587, 0.34973169036562]",0.12658781036925104,2.5,"[-0.11442830915570831, 0.4007944591389696]",0.19765973293741745,1.666666666666667,"[-0.2432340012293778, 0.5296001512126391]",0.3617201615249051
irm,erm,5,-0.009118511616208492,0.03701254527989893,"[-0.05507565657214574, 0.03683863333972876]",-0.55088380637624,0.6110343213998237,1.0,2,3,5.0,"[-0.05507565657214574, 0.03683863333972876]",0.6110343213998237,3.3333333333333335,"[-0.06929053889753434, 0.05105351566511736]",0.695563252524986,2.5,"[-0.08416621506765382, 0.06592919183523682]",0.752815120818764,1.666666666666667,"[-0.12169006679337645, 0.10345304356095945]",0.8330810393627083
lisa,erm,5,0.0430317345983352,0.08920002671142002,"[-0.06772472720804935, 0.15378819640471975]",1.0787203468324535,0.3414195313210288,1.0,3,2,5.0,"[-0.06772472720804935, 0.15378819640471975]",0.3414195313210288,3.3333333333333335,"[-0.10198251395401983, 0.18804598315069024]",0.45629311738203543,2.5,"[-0.13783281016279536, 0.22389627935946577]",0.5449864443896835,1.666666666666667,"[-0.2282650825433606, 0.314328551740031]",0.6824099013836287
macenko,erm,5,0.09518974278325731,0.13125626765114648,"[-0.06778643929776892, 0.2581659248642836]",1.6216424513136323,0.1801982780323508,1.0,4,1,5.0,"[-0.06778643929776892, 0.2581659248642836]",0.1801982780323508,3.3333333333333335,"[-0.11819616889137363, 0.30857565445788826]",0.28322964230712927,2.5,"[-0.1709492481003676, 0.36132873366688223]",0.3768955264507552,1.666666666666667,"[-0.30401874354217995, 0.4943982291086946]",0.5441450144393096
macenko_tile,erm,5,0.06827002910916191,0.13829994687298502,"[-0.10345203587651716, 0.23999209409484099]",1.1038068297609358,0.3316119895383187,1.0,3,2,5.0,"[-0.10345203587651716, 0.23999209409484099]",0.3316119895383187,3.3333333333333335,"[-0.15656693125969529, 0.2931069894780191]",0.44666374702344736,2.5,"[-0.21215092875214958, 0.3486909869704734]",0.5361433933910735,1.666666666666667,"[-0.3523614076828052, 0.48890146590112904]",0.6756046419579275
mixstyle,erm,5,0.02681931823106698,0.04709226982756481,"[-0.031653457807517736, 0.0852920942696517]",1.2734535603073156,0.2718272751010246,1.0,3,2,5.0,"[-0.03165345780751774, 0.0852920942696517]",0.27182727510102467,3.3333333333333335,"[-0.0497395167092229, 0.10337815317135686]",0.3858190478464851,2.5,"[-0.06866632519464719, 0.12230496165678115]",0.4790570948656307,1.666666666666667,"[-0.11640914690750426, 0.17004778336963822]",0.6305889877505109
probe_resnet50_imagenet,erm,5,0.0346143584320894,0.12862797185172165,"[-0.12509836337816083, 0.19432708024233963]",0.6017358226010073,0.5797922414875638,1.0,2,3,5.0,"[-0.12509836337816085, 0.19432708024233966]",0.579792241487564,3.3333333333333335,"[-0.17449868075159522, 0.24372739761577403]",0.6696840469509081,2.5,"[-0.2261954241453714, 0.29542414100955017]",0.7311841068430803,1.666666666666667,"[-0.3566003154341017, 0.42582903229828045]",0.8180370586369007
probe_resnet50_lunit_bt,erm,5,0.11111247792447199,0.14889658148190255,"[-0.07376704675722004, 0.295992002606164]",1.6686417600377363,0.1705128576485605,1.0,5,0,5.0,"[-0.07376704675722004, 0.295992002606164]",0.1705128576485605,3.3333333333333335,"[-0.1309516410187595, 0.3531765968677035]",0.2715095213309808,2.5,"[-0.19079452164781735, 0.4130194774967613]",0.36463070119354024,1.666666666666667,"[-0.341748021433962, 0.563972977282906]",0.5331280765288426
probe_vit_s16_lunit_dino,erm,5,0.14547927113884138,0.13286777425178792,"[-0.019497860671069067, 0.3104564029487518]",2.4483102950691236,0.07057357538356027,1.0,5,0,5.0,"[-0.019497860671069095, 0.3104564029487519]",0.07057357538356027,3.3333333333333335,"[-0.07052649870562194, 0.3614850409833047]",0.13484235861485028,2.5,"[-0.12392725696926796, 0.4148857992469507]",0.20817757987043703,1.666666666666667,"[-0.2586305210233226, 0.5495890633010053]",0.3741077393105319
sam,erm,5,0.03263328223825337,0.03589792557232839,"[-0.011939879555105136, 0.07720644403161186]",2.032714599807391,0.11186662574402599,1.0,4,1,5.0,"[-0.011939879555105136, 0.07720644403161186]",0.11186662574402599,3.3333333333333335,"[-0.025726685727912042, 0.09099325020441879]",0.19549421155119343,2.5,"[-0.040154386172577765, 0.1054209506490845]",0.2811619655961514,1.666666666666667,"[-0.07654822037799333, 0.14181478485450005]",0.4532772107878423
simclr,erm,5,0.03045281075082209,0.0397259505304956,"[-0.01887347181731812, 0.0797790933189623]",1.7141076307916625,0.16166128715202938,1.0,4,1,5.0,"[-0.018873471817318126, 0.0797790933189623]",0.16166128715202943,3.3333333333333335,"[-0.03413045314040169, 0.09503607464204586]",0.26061637105013846,2.5,"[-0.050096671382700665, 0.11100229288434485]",0.3531013777419222,1.666666666666667,"[-0.09037141244946201, 0.1512770339511062]",0.5226229276204248
tia_style,erm,5,0.10208423675630177,0.1272014488152251,"[-0.0558572227569224, 0.26002569626952593]",1.7945337489815716,0.14717170125699314,1.0,4,1,5.0,"[-0.05585722275692237, 0.2600256962695259]",0.14717170125699305,3.3333333333333335,"[-0.10470967569831335, 0.3088781492109169]",0.24237961832017973,2.5,"[-0.155833086602263, 0.3600015601148665]",0.33350107446652644,1.666666666666667,"[-0.2847917482815453, 0.4889602217941489]",0.5044100166914898
