arm,worst,mean,rank_worst,rank_worst_seed_ci,pbest_worst_seed,rank_worst_domain_ci,pbest_worst_domain,rank_mean,rank_mean_seed_ci,pbest_mean_seed,rank_mean_domain_ci,pbest_mean_domain
probe_vit_s16_lunit_dino,0.8899919763082265,0.9308255514838357,1.0,"[1.0, 1.0]",1.0,"[1.0, 1.0]",0.9894,1.0,"[1.0, 2.0]",0.9026,"[1.0, 3.0]",0.6778
bnadapt@erm,0.8821997558852562,0.9051665287564135,2.0,"[2.0, 2.0]",0.0,"[2.0, 8.0]",0.0,5.0,"[5.0, 6.0]",0.0,"[4.0, 8.0]",0.0
he_jitter_lunit_dino,0.8714289465622128,0.9285293553366252,3.0,"[3.0, 6.0]",0.0,"[2.0, 5.0]",0.0106,2.0,"[1.0, 3.0]",0.0968,"[1.0, 3.0]",0.3222
probe_resnet50_lunit_bt,0.8696264024915227,0.8964587582694664,4.0,"[3.0, 5.0]",0.0,"[4.0, 10.0]",0.0,7.0,"[7.0, 7.0]",0.0,"[5.0, 10.0]",0.0
he_jitter_lunit_bt,0.8657369549865447,0.9127800736030094,5.0,"[4.0, 6.0]",0.0,"[2.0, 8.0]",0.0,4.0,"[4.0, 4.0]",0.0,"[2.0, 7.0]",0.0
erm_lunit_dino,0.8592228203519726,0.9239913817206313,6.0,"[3.0, 7.0]",0.0,"[2.0, 6.0]",0.0,3.0,"[2.0, 3.0]",0.0006,"[2.0, 5.0]",0.0
he_jitter,0.850374973862216,0.9028907615809043,7.0,"[6.0, 8.0]",0.0,"[5.0, 8.0]",0.0,6.0,"[5.0, 6.0]",0.0,"[4.0, 8.0]",0.0
erm_lunit_bt,0.8328753204473461,0.8845233085722594,8.0,"[7.0, 10.0]",0.0,"[5.0, 13.0]",0.0,9.0,"[8.0, 10.0]",0.0,"[5.0, 11.0]",0.0
tia_style,0.8228152946153734,0.8874305171012962,9.0,"[8.0, 10.0]",0.0,"[5.0, 16.0]",0.0,8.0,"[8.0, 9.0]",0.0,"[6.0, 11.0]",0.0
macenko,0.8192129001512344,0.8805360231282517,10.0,"[8.0, 10.0]",0.0,"[7.0, 18.0]",0.0,10.0,"[9.0, 10.0]",0.0,"[7.0, 16.0]",0.0
fish,0.7921719890488764,0.8442335894946045,11.0,"[11.0, 12.0]",0.0,"[11.0, 19.0]",0.0,12.0,"[11.0, 12.0]",0.0,"[9.0, 21.0]",0.0
macenko_tile,0.7832231939676291,0.8536163094541565,12.0,"[11.0, 13.0]",0.0,"[9.0, 21.0]",0.0,11.0,"[11.0, 12.0]",0.0,"[10.0, 20.0]",0.0
probe_resnet50_imagenet,0.7721084803127782,0.8199606387770837,13.0,"[12.0, 13.0]",0.0,"[11.0, 20.0]",0.0,15.0,"[14.0, 17.0]",0.0,"[12.0, 21.0]",0.0
lisa,0.7337519269017365,0.8283780149433296,14.0,"[14.0, 15.0]",0.0,"[12.0, 18.0]",0.0,13.0,"[13.0, 16.0]",0.0,"[11.0, 19.0]",0.0
coral,0.7017005363716379,0.8227172308955923,15.0,"[14.0, 16.0]",0.0,"[14.0, 20.0]",0.0,14.0,"[13.0, 18.0]",0.0,"[12.0, 19.0]",0.0
mixstyle,0.6319578294211757,0.8121655985760613,16.0,"[15.0, 20.0]",0.0,"[12.0, 16.0]",0.0,18.0,"[13.0, 19.0]",0.0,"[12.0, 18.0]",0.0
sam,0.6239586463788837,0.8179795625832478,17.0,"[16.0, 19.0]",0.0,"[11.0, 17.0]",0.0,16.0,"[14.0, 18.0]",0.0,"[9.0, 18.0]",0.0
simclr,0.6067867789010947,0.8157990910958166,18.0,"[16.0, 20.0]",0.0,"[9.0, 18.0]",0.0,17.0,"[13.0, 19.0]",0.0,"[11.0, 18.0]",0.0
groupdro,0.6064286791058203,0.8027231039848044,19.0,"[15.0, 21.0]",0.0,"[15.0, 19.0]",0.0,19.0,"[16.0, 20.0]",0.0,"[15.0, 19.0]",0.0
irm,0.5592361445431603,0.7762277687287858,20.0,"[16.0, 21.0]",0.0,"[17.0, 20.0]",0.0,21.0,"[19.0, 21.0]",0.0,"[19.0, 21.0]",0.0
erm,0.5336379418501175,0.7853462803449944,21.0,"[19.0, 21.0]",0.0,"[10.0, 21.0]",0.0,20.0,"[19.0, 21.0]",0.0,"[14.0, 21.0]",0.0
