arm,K,seeds,mean,mean_ci_t,worst,worst_domain,sd_across,range,mean_within_sd,worst_ci_seed,mean_ci_seed,worst_ci_domain,mean_ci_domain,worst_ci_two_stage,mean_ci_two_stage,ece_mean,ece_worst,dom_cs2,dom_p1000,dom_nz20,dom_nz210,dom_gt450
coral,5,3,0.8557914362054188,"[0.78975009301402, 0.9218327793968175]",0.7840452049931678,p1000,0.05318777325181082,0.1419908598560653,0.027964117247997782,"[0.7047666564546953, 0.8240880541185591]","[0.8397100189799317, 0.8693723567654678]","[0.7840452049931678, 0.8659635913754475]","[0.8124433769643808, 0.8962041028713891]","[0.7047666564546953, 0.8690151697531393]","[0.8095833196896691, 0.8973273386292413]",0.13016570903041724,0.1862869391879426,0.8659635913754475,0.7840452049931678,0.8280802602913099,0.9260360648492331,0.8748320595179363
erm,5,3,0.842287925075626,"[0.7520545944870745, 0.9325212556641775]",0.7275022004366835,p1000,0.07267129490674305,0.19132430362781616,0.03233369426765017,"[0.6435922797496608, 0.8233102120515973]","[0.8246592922509154, 0.8643597970673063]","[0.7275022004366835, 0.8627892652898387]","[0.7816170263779456, 0.8917602335561213]","[0.6435922797496608, 0.8627892652898387]","[0.7745005553736032, 0.8935044922282811]",0.12871154953824776,0.16811044632962488,0.8627892652898387,0.7275022004366835,0.823658191526229,0.9188265040644996,0.878663464060879
erm_lunit_bt,5,3,0.9007567766104982,"[0.8644033536387346, 0.9371101995822619]",0.8781167415502519,nz20,0.029277987462271386,0.06011872195256318,0.007987069588263906,"[0.8549935577672557, 0.8808343846507093]","[0.8962235729573043, 0.90455564328789]","[0.8781167415502519, 0.8813608181247904]","[0.8792462358666734, 0.9241554500766156]","[0.8549935577672557, 0.8872164597526758]","[0.8785780382988924, 0.9245376911625894]",0.12615570154986738,0.20039862218148038,0.9267524208205975,0.8813608181247904,0.8781167415502519,0.9382354635028151,0.8793184390540363
erm_lunit_dino,5,3,0.9338570344461475,"[0.890750199236004, 0.9769638696562911]",0.8885345821115439,p1000,0.03471698887340167,0.0781189425205926,0.0056631147209821354,"[0.8804265686317417, 0.9009120749266927]","[0.9313375128618869, 0.9366476687956605]","[0.8885345821115439, 0.9468225743208372]","[0.9065756475001704, 0.9605194495788668]","[0.8804265686317417, 0.9471660967598027]","[0.9055549092110831, 0.960343703359329]",0.10123464874087762,0.19589773032623206,0.9468225743208372,0.8885345821115439,0.9612338121546121,0.9666535246321365,0.9060406790116079
fish,5,3,0.8556820238008805,"[0.7806618094875725, 0.9307022381141886]",0.8017261149284431,p1000,0.0604190943941637,0.1431754766496005,0.01052381078855984,"[0.7898043678060308, 0.8083370534086102]","[0.8508227114336172, 0.8611167927727692]","[0.8017261149284431, 0.8314378272876045]","[0.8113446963932557, 0.9070098719888884]","[0.7898043678060308, 0.8314378272876045]","[0.8113443835441874, 0.9067770811968427]",0.1564500143378106,0.2868345944594939,0.8314378272876045,0.8017261149284431,0.8109167124108939,0.9449015915780437,0.8894278727994177
groupdro,5,3,0.8397529055266875,"[0.7465301676468374, 0.9329756434065375]",0.7218718057196766,p1000,0.07507887642285609,0.1947221662318126,0.026276885898956586,"[0.6329794155834683, 0.8136606999576935]","[0.822819020803305, 0.8571835386424579]","[0.7218718057196766, 0.8624006751409174]","[0.7780833534881728, 0.8915496954656043]","[0.6329794155834683, 0.8624006751409174]","[0.7733707693438978, 0.8932330698250961]",0.13948134300286172,0.1954897425685994,0.8624006751409174,0.7218718057196766,0.8168181456792913,0.9165939719514892,0.8810799291420625
he_jitter,5,3,0.9053626013247762,"[0.8563958209581031, 0.9543293816914493]",0.8525004254988061,p1000,0.0394364179339259,0.0876860968253278,0.004356507436803566,"[0.8474407340948545, 0.8567452988460471]","[0.903506416709869, 0.9071913635483191]","[0.8525004254988061, 0.9189403991896178]","[0.8745373872215483, 0.9356104609506607]","[0.8474407340948545, 0.9195503345469286]","[0.8736833417724374, 0.9354657054176491]",0.07397323009773843,0.10126844134679686,0.9189403991896178,0.8525004254988061,0.9401865223241339,0.939369430457709,0.8758162291536141
he_jitter_lunit_bt,5,3,0.9178560665191865,"[0.8788692149734189, 0.9568429180649541]",0.869296923324678,gt450,0.03139887409328722,0.07088253743731998,0.0019236963461517897,"[0.8677286252524444, 0.8720852616969372]","[0.9170674853565505, 0.9186693214582441]","[0.869296923324678, 0.9382776280866892]","[0.8898834180793204, 0.9392619047899254]","[0.8677286252524444, 0.9379521878674518]","[0.8899453846119169, 0.9393001526182354]",0.059812887402844794,0.128816640943427,0.940179460761998,0.9026898332530964,0.9382776280866892,0.9388364871694709,0.869296923324678
he_jitter_lunit_dino,5,3,0.9379149376643336,"[0.8969399025741035, 0.9788899727545638]",0.8983377828351351,p1000,0.033000099181023215,0.07137018058220146,0.004635223980669844,"[0.8911812333143682, 0.9047438983471195]","[0.9356741409860316, 0.9400704899007011]","[0.8983377828351351, 0.9463881558255055]","[0.9119555409114948, 0.9638743344171725]","[0.8911812333143682, 0.9464581343793604]","[0.9118521110215667, 0.9637747854849686]",0.06982894901143166,0.1491362658920299,0.9463881558255055,0.8983377828351351,0.9667837947128423,0.9697079634173366,0.908356991530849
irm,5,3,0.813451768734808,"[0.7017034410448366, 0.9252000964247793]",0.6593365136329817,p1000,0.08999884658943985,0.2203230700851706,0.04377527055299905,"[0.5179170496155924, 0.8014185887055598]","[0.7861862949398786, 0.8406424707257073]","[0.6593365136329817, 0.8500026374842898]","[0.733686268654216, 0.868863517057972]","[0.5179170496155924, 0.8500026374842898]","[0.7256038304732834, 0.87064815260708]",0.11145668387800152,0.15733629608995867,0.8674978901846332,0.6593365136329817,0.8107622186539823,0.8500026374842898,0.8796595837181523
lisa,5,3,0.8667636144362632,"[0.8189846940569876, 0.9145425348155387]",0.808402604538978,p1000,0.03847975011629088,0.1035621033997286,0.014155352414364419,"[0.7801601820648606, 0.8260556990094386]","[0.8601061541432752, 0.8731452371897062]","[0.808402604538978, 0.8752437364440322]","[0.8351390573009997, 0.8948202294151437]","[0.7801601820648606, 0.8771713793799824]","[0.8345076111524028, 0.8954541197311139]",0.1337808825253357,0.2498426545537162,0.8752437364440322,0.808402604538978,0.8551257500246315,0.9119647079387067,0.8830812732349674
macenko,5,3,0.8844854187429686,"[0.8192224959318402, 0.949748341554097]",0.8219263668237363,p1000,0.05256085616200515,0.11060555808193173,0.00867133544592704,"[0.8109256422600551, 0.8319055902770071]","[0.8805976536731139, 0.8885450403544588]","[0.8219263668237363, 0.9091793631529425]","[0.8441064839471044, 0.9248643535388327]","[0.8109256422600551, 0.9091823839045478]","[0.8431677543463764, 0.9244837632106704]",0.09332169278041537,0.1386018123127827,0.9250392773649424,0.8219263668237363,0.932531924905668,0.9091793631529425,0.8337501614675537
macenko_tile,5,3,0.8643076901872757,"[0.7990827482651173, 0.9295326321094342]",0.8011937502525153,gt450,0.05253026746085496,0.11347186800591735,0.006874975169715383,"[0.7932936478806637, 0.8112690410790528]","[0.8613066317483344, 0.8675450926405888]","[0.8011937502525153, 0.8933057146236542]","[0.8231909237118644, 0.9038440084669281]","[0.7932936478806637, 0.8933057146236543]","[0.8230547713925841, 0.9041141941789997]",0.07585591862326739,0.12763961563894718,0.8933057146236542,0.814081822204716,0.9146656182584326,0.8982915455970604,0.8011937502525153
mixstyle,5,3,0.8540161687603762,"[0.7944463617988817, 0.9135859757218707]",0.776441371127353,p1000,0.047975786563571356,0.1221124100013915,0.009691709894581301,"[0.7709822457583847, 0.7845837162822589]","[0.8496748939794703, 0.8582893732269791]","[0.776441371127353, 0.8686183328126539]","[0.8141674213274683, 0.8865484376566652]","[0.7709822457583847, 0.8710049228398486]","[0.8132848364214618, 0.8871234138411241]",0.11679190842285436,0.14943714902591718,0.8835081466065917,0.776441371127353,0.8429592121265378,0.8985537811287445,0.8686183328126539
probe_resnet50_imagenet,5,3,0.8284493198648659,"[0.7857150800216156, 0.8711835597081162]",0.7806785611818654,p1000,0.03441691142295429,0.07639238185901454,0.00625791576454863,"[0.7722537820765313, 0.7889092155747152]","[0.8257178839328871, 0.8313779890260496]","[0.7806785611818654, 0.8479422896155469]","[0.7997180978063267, 0.8537550291092341]","[0.7722537820765313, 0.8479422896155469]","[0.7997180805841931, 0.8535776892724165]",0.2049115570261558,0.22218040268304487,0.8570709430408799,0.7806785611818654,0.8479422896155469,0.8533454849244322,0.8032093205616055
probe_resnet50_lunit_bt,5,3,0.9057920779848873,"[0.8731051473218028, 0.9384790086479717]",0.8758424053913944,gt450,0.026325101404543045,0.06473926716971556,0.007847581237324083,"[0.8698523148045402, 0.881619671784121]","[0.9019998112399339, 0.9095697888869465]","[0.8758424053913944, 0.8973896668298232]","[0.8859868262172768, 0.9273783325650877]","[0.8698523148045402, 0.9015717411386804]","[0.8855657814507307, 0.9275237633575114]",0.154025884841316,0.26896468911499166,0.8973896668298232,0.8904298267368862,0.9405816725611099,0.9247168184052228,0.8758424053913944
probe_vit_s16_lunit_dino,5,3,0.9355975249183107,"[0.9017888686481002, 0.9694061811885213]",0.8967832290253402,p1000,0.027228506519573144,0.060903646128487754,0.001401638514912934,"[0.8930526500065646, 0.9015104964476931]","[0.934778068637332, 0.9365157493310808]","[0.8967832290253402, 0.9488519523826365]","[0.9130030510211539, 0.9557249526483172]","[0.8930526500065646, 0.9488691617824297]","[0.9126717551069354, 0.9557176947445053]",0.08763391686330774,0.18392793126268736,0.9488519523826365,0.8967832290253402,0.957686875153828,0.957199530275647,0.9174660377541016
sam,5,3,0.8580200543627002,"[0.7800876041942542, 0.9359525045311463]",0.7667718013431174,p1000,0.06276452428449712,0.16925352092670054,0.011368677410779003,"[0.7451745517674006, 0.7806947058222824]","[0.852583894697351, 0.8630118127801046]","[0.7667718013431174, 0.8703977215895629]","[0.8071269806436779, 0.9049962786840913]","[0.7451745517674006, 0.8736912774394847]","[0.8073947776874553, 0.90460680253337]",0.133360008290954,0.2805904248597621,0.8703977215895629,0.7667718013431174,0.8340304335107183,0.9360253222698179,0.8828749931002852
simclr,5,3,0.864309931848853,"[0.7891080436383396, 0.9395118200593663]",0.7606061048137288,p1000,0.06056540925669336,0.1577333471805773,0.011722189301445548,"[0.7441644419157658, 0.7776427852422425]","[0.859085184999979, 0.8695865475292043]","[0.7606061048137288, 0.8780288325568665]","[0.8102402327115739, 0.9021481907336122]","[0.7441644419157658, 0.8783756101290843]","[0.8101184041278142, 0.902954134341681]",0.15117868276779722,0.25308328023080046,0.8913540165598164,0.7606061048137288,0.8732212533195473,0.9183394519943061,0.8780288325568665
tia_style,5,3,0.8911295373797827,"[0.8297653625534424, 0.9524937122061231]",0.8273426019130427,p1000,0.04942091815105523,0.10719065670788963,0.0051610686676632185,"[0.8174519672633376, 0.8449145841539382]","[0.8886503444199246, 0.8944495172578327]","[0.8273426019130427, 0.9207748641598372]","[0.8510049535888458, 0.9277869030920474]","[0.8174519672633376, 0.9212650943550506]","[0.8509671793655507, 0.9278616723293013]",0.0696317218843715,0.1122293562150699,0.9207748641598372,0.8273426019130427,0.9345332586209323,0.9245465670292677,0.8484503951758332
