axis,metric,term,observed,ci_lo,ci_hi,p_two_sided
shift_nonorm,auroc,ssl_alone,-0.07722812499999987,-0.08712813941559491,-0.06753803298828427,0.0
shift_nonorm,auroc,sam_alone,-0.07199512499999983,-0.07831647218716696,-0.06563407379171084,0.0
shift_nonorm,auroc,interaction,0.07765062499999997,0.07028090089094155,0.08528424630534054,0.0
shift_nonorm,auroc,total,-0.07157262499999972,-0.08070941824762477,-0.06245429027134236,0.0
shift_nonorm,avg_precision,ssl_alone,-0.19798342342407615,-0.21059945181494108,-0.18463120898203872,0.0
shift_nonorm,avg_precision,sam_alone,-0.12376266948250059,-0.13586794488814902,-0.11070612704828249,0.0
shift_nonorm,avg_precision,interaction,0.1439025399387236,0.13155723804199038,0.1558210195233361,0.0
shift_nonorm,avg_precision,total,-0.17784355296785315,-0.18999065701198506,-0.16462409209651957,0.0
shift_external,auroc,ssl_alone,-0.016374847150771865,-0.02333439760552183,-0.009884543035862598,0.0
shift_external,auroc,sam_alone,0.0024843960589071568,-0.0003750215605740569,0.005406508279147173,0.0866
shift_external,auroc,interaction,0.005025031424946147,0.001954165049961351,0.008215554861062324,0.0024
shift_external,auroc,total,-0.008865419666918561,-0.01532953513237433,-0.002661441513237304,0.003
shift_external,avg_precision,ssl_alone,-0.04321050180913877,-0.062062555741394625,-0.025107323397907316,0.0
shift_external,avg_precision,sam_alone,0.000666315157781816,-0.0023974780278687878,0.003717674704198847,0.676
shift_external,avg_precision,interaction,0.017373118611877736,0.008372453682925144,0.02639136844012311,0.0
shift_external,avg_precision,total,-0.025171068039479216,-0.04016887981168221,-0.011499277419816217,0.0
