axis,arm,metric,observed,ci_lo,ci_hi,n_test,n_boot
shift_nonorm,baseline,auroc,0.8045043749999999,0.7913292010805094,0.817754896304131,4000,10000
shift_nonorm,baseline,avg_precision,0.8060178533941376,0.7886814797926828,0.8227880637851468,4000,10000
shift_nonorm,baseline,accuracy,0.71225,0.6985,0.72625,4000,10000
shift_nonorm,baseline,f1,0.7015815400570391,0.6850476648827097,0.717948717948718,4000,10000
shift_nonorm,ssl,auroc,0.7272762500000001,0.7108769430247247,0.7438085188311508,4000,10000
shift_nonorm,ssl,avg_precision,0.6080344299700614,0.5864883134795472,0.6306272325966524,4000,10000
shift_nonorm,ssl,accuracy,0.63525,0.62025,0.6505,4000,10000
shift_nonorm,ssl,f1,0.5921162985742242,0.5727792076530885,0.6111895630170626,4000,10000
shift_nonorm,sam,auroc,0.7325092500000001,0.7171124401141629,0.7482088713798425,4000,10000
shift_nonorm,sam,avg_precision,0.682255183911637,0.6584017462763331,0.7063499965460845,4000,10000
shift_nonorm,sam,accuracy,0.65225,0.6375,0.66675,4000,10000
shift_nonorm,sam,f1,0.6212904982303294,0.6022567788700305,0.63966354377529,4000,10000
shift_nonorm,ssl_sam,auroc,0.7329317500000002,0.716812516265537,0.7488941536135219,4000,10000
shift_nonorm,ssl_sam,avg_precision,0.6281743004262844,0.6059570075181705,0.6518719137155917,4000,10000
shift_nonorm,ssl_sam,accuracy,0.62625,0.611,0.64125,4000,10000
shift_nonorm,ssl_sam,f1,0.5665410263844592,0.5462520664003306,0.5864498941190033,4000,10000
shift_external,baseline,auroc,0.9483025924676164,0.9399190467300768,0.9563066246306502,2466,10000
shift_external,baseline,avg_precision,0.9472626313400612,0.9368702170792919,0.9568069195508574,2466,10000
shift_external,baseline,accuracy,0.8807785888077859,0.8682076236820763,0.8933495539334956,2466,10000
shift_external,baseline,f1,0.8846153846153846,0.8715304275257317,0.897239263803681,2466,10000
shift_external,ssl,auroc,0.9319277453168445,0.9216218041254964,0.9419673515613856,2466,10000
shift_external,ssl,avg_precision,0.9040521295309224,0.8831997296208645,0.9243508498346278,2466,10000
shift_external,ssl,accuracy,0.8665855636658556,0.8532035685320357,0.8795620437956204,2466,10000
shift_external,ssl,f1,0.8715345568137446,0.8574803149606299,0.8848723873216638,2466,10000
shift_external,sam,auroc,0.9507869885265235,0.942704450111137,0.9584737446638945,2466,10000
shift_external,sam,avg_precision,0.947928946497843,0.9372616345836071,0.9577753655146861,2466,10000
shift_external,sam,accuracy,0.875506893755069,0.8625304136253041,0.8880778588807786,2466,10000
shift_external,sam,f1,0.8823303947872748,0.8692306946061312,0.8948346689828851,2466,10000
shift_external,ssl_sam,auroc,0.9394371728006978,0.9299237649053188,0.9488458820253796,2466,10000
shift_external,ssl_sam,avg_precision,0.922091563300582,0.9047361899963146,0.9382587487445675,2466,10000
shift_external,ssl_sam,accuracy,0.8775344687753447,0.864963503649635,0.8901054339010543,2466,10000
shift_external,ssl_sam,f1,0.8829457364341086,0.8699090549624358,0.8957291265871489,2466,10000
