axis,contrast,metric,observed,ci_lo,ci_hi,p_two_sided
shift_nonorm,ssl - baseline,auroc,-0.07722812499999987,-0.08712813941559491,-0.06753803298828427,0.0
shift_nonorm,ssl - baseline,avg_precision,-0.19798342342407615,-0.21059945181494108,-0.18463120898203872,0.0
shift_nonorm,ssl - baseline,accuracy,-0.07700000000000007,-0.08825625000000004,-0.0655,0.0
shift_nonorm,ssl - baseline,f1,-0.10946524148281489,-0.1238384733246376,-0.09493229709465363,0.0
shift_nonorm,sam - baseline,auroc,-0.07199512499999983,-0.07831647218716696,-0.06563407379171084,0.0
shift_nonorm,sam - baseline,avg_precision,-0.12376266948250059,-0.13586794488814902,-0.11070612704828249,0.0
shift_nonorm,sam - baseline,accuracy,-0.06000000000000005,-0.0695,-0.05025000000000002,0.0
shift_nonorm,sam - baseline,f1,-0.08029104182670965,-0.09220456536756684,-0.06839253646603112,0.0
shift_nonorm,ssl_sam - baseline,auroc,-0.07157262499999972,-0.08070941824762477,-0.06245429027134236,0.0
shift_nonorm,ssl_sam - baseline,avg_precision,-0.17784355296785315,-0.18999065701198506,-0.16462409209651957,0.0
shift_nonorm,ssl_sam - baseline,accuracy,-0.08600000000000008,-0.09775,-0.07450000000000001,0.0
shift_nonorm,ssl_sam - baseline,f1,-0.13504051367257985,-0.15043561237945233,-0.12026231317990399,0.0
shift_nonorm,ssl_sam - ssl,auroc,0.0056555000000001465,0.0014424493155699436,0.010027015818300853,0.007
shift_nonorm,ssl_sam - ssl,avg_precision,0.020139870456223008,0.015128281597460958,0.025708646799582062,0.0
shift_nonorm,ssl_sam - ssl,accuracy,-0.009000000000000008,-0.01824999999999999,0.0,0.0552
shift_nonorm,ssl_sam - ssl,f1,-0.025575272189764964,-0.0385016114662675,-0.013067993680432646,0.0
shift_nonorm,ssl_sam - sam,auroc,0.00042250000000010335,-0.0060579481819441425,0.006747136532544117,0.8902
shift_nonorm,ssl_sam - sam,avg_precision,-0.05408088348535256,-0.06343095184120096,-0.04466525894267836,0.0
shift_nonorm,ssl_sam - sam,accuracy,-0.026000000000000023,-0.03500000000000003,-0.017000000000000015,0.0
shift_nonorm,ssl_sam - sam,f1,-0.0547494718458702,-0.06711347169336722,-0.04274129331729033,0.0
shift_external,ssl - baseline,auroc,-0.016374847150771865,-0.02333439760552183,-0.009884543035862598,0.0
shift_external,ssl - baseline,avg_precision,-0.04321050180913877,-0.062062555741394625,-0.025107323397907316,0.0
shift_external,ssl - baseline,accuracy,-0.014193025141930327,-0.023925385239253805,-0.0044606650446067375,0.0034
shift_external,ssl - baseline,f1,-0.013080827801639994,-0.0221610731491306,-0.00395248957662705,0.0042
shift_external,sam - baseline,auroc,0.0024843960589071568,-0.0003750215605740569,0.005406508279147173,0.0866
shift_external,sam - baseline,avg_precision,0.000666315157781816,-0.0023974780278687878,0.003717674704198847,0.676
shift_external,sam - baseline,accuracy,-0.005271695052716963,-0.014598540145985384,0.0040551500405514584,0.3006
shift_external,sam - baseline,f1,-0.0022849898281097625,-0.010907118856870643,0.00627847037294176,0.6258
shift_external,ssl_sam - baseline,auroc,-0.008865419666918561,-0.01532953513237433,-0.002661441513237304,0.003
shift_external,ssl_sam - baseline,avg_precision,-0.025171068039479216,-0.04016887981168221,-0.011499277419816217,0.0
shift_external,ssl_sam - baseline,accuracy,-0.0032441200324412334,-0.01338199513381988,0.006893755068937524,0.5578
shift_external,ssl_sam - baseline,f1,-0.0016696481812760178,-0.011118753437850487,0.007749157727035665,0.7398
shift_external,ssl_sam - ssl,auroc,0.007509427483853304,0.004671601721759072,0.010411878315972699,0.0
shift_external,ssl_sam - ssl,avg_precision,0.018039433769659552,0.009745060776507369,0.02624682603741715,0.0
shift_external,ssl_sam - ssl,accuracy,0.010948905109489093,0.0032441200324412334,0.018653690186536953,0.007
shift_external,ssl_sam - ssl,f1,0.011411179620363976,0.0038445373045261633,0.01901888151725661,0.0024
shift_external,ssl_sam - sam,auroc,-0.011349815725825718,-0.016826571724580196,-0.006293442511120153,0.0
shift_external,ssl_sam - sam,avg_precision,-0.025837383197261032,-0.04010581143135795,-0.013063424833510888,0.0
shift_external,ssl_sam - sam,accuracy,0.0020275750202757292,-0.006488240064882467,0.010543390105433925,0.6812
shift_external,ssl_sam - sam,f1,0.0006153416468337447,-0.0073411704031207305,0.008410782996065281,0.8748
