fold,arm,seed,selected_epoch,ood_test_auroc,ood_test_ece,ood_test_accuracy,ood_test_f1,ood_test_avg_precision,wall_s
0,baseline,0,4,0.9020988896,0.14923344156265256,0.7398,0.6634938699498215,0.8974701238602445,9.95073413848877
0,baseline,1,3,0.9092106272,0.1184612284874916,0.77192,0.7181135060312438,0.9041588790058753,10.018076181411743
0,baseline,2,2,0.9485397919999998,0.029501848895549777,0.8802,0.8805392684775238,0.948297407473112,10.00105333328247
0,coral,0,4,0.9120463104,0.10804751144170763,0.78948,0.7478560820198342,0.91090638945608,11.958201169967651
0,groupdro,0,4,0.8984298207999999,0.10172695900678633,0.77276,0.716700743030968,0.9046605128875033,11.097729206085205
0,irm,0,4,0.9147213599999999,0.09587235504627228,0.72412,0.627007733491969,0.9106754255285595,12.605242490768433
0,macenko,0,1,0.8589822688,0.10231748224020004,0.75552,0.7147124719940254,0.8424934694269456,10.0076584815979
0,mixstyle,0,4,0.9201003295999999,0.09953451128005983,0.79528,0.7555873925501433,0.9187812332197036,10.895236015319824
0,probe_resnet50,0,9,0.965474992,0.024399652717113467,0.9166,0.9138394148518534,0.973094770207823,21.542911052703857
0,sam,0,4,0.9264737792,0.05804883210897445,0.82176,0.7900292149656017,0.9342340355982435,15.77788758277893
0,sam,1,3,0.9143176928000001,0.07970353193044666,0.80412,0.762845658385394,0.9247575973550678,15.821543216705322
0,sam,2,2,0.9392655936,0.015590836627483388,0.86724,0.8615756766901614,0.9448351215534265,15.862120628356934
0,ssl,0,4,0.9476357248,0.03755130563735959,0.87892,0.8656994542792493,0.9592036325064255,10.132980585098267
0,ssl,1,2,0.9529847456,0.0206219364666939,0.9006,0.894743530009742,0.962757954200869,10.0202956199646
0,ssl,2,2,0.9559183424,0.018865207686424253,0.9036,0.898397976391231,0.9649671233467965,10.015206336975098
0,ssl_sam,0,2,0.9454179968,0.03158646045207975,0.85356,0.8634515683861101,0.9536595381896181,15.76091456413269
0,ssl_sam,1,4,0.9477202015999999,0.03499643548250199,0.90112,0.8968108198363667,0.9586069801308866,15.743711709976196
0,ssl_sam,2,2,0.9484254688,0.028606500465869884,0.90076,0.8972032318210068,0.9579652417029763,15.84201955795288
1,baseline,0,1,0.849300448,0.2075689319944382,0.72424,0.6685258197903644,0.8483009681144921,10.113993883132935
1,baseline,1,2,0.8544784672,0.24448264082193377,0.71608,0.6281822943949712,0.8629892486161577,10.11947226524353
1,baseline,2,2,0.8520520544,0.2752238347005845,0.68836,0.5664199454616283,0.8534366744322905,10.622366666793823
1,coral,0,1,0.7686535840000001,0.25216111575365074,0.69552,0.5933760683760684,0.8093755363519395,11.826178073883057
1,groupdro,0,2,0.8404164928,0.1926053910374641,0.73476,0.6913660693507098,0.8462209408680673,11.102594137191772
1,irm,0,2,0.837386864,0.22731828845500945,0.69004,0.5809312638580931,0.8359432311001613,12.544988632202148
1,macenko,0,2,0.8531596128,0.19424740192651752,0.718,0.6549867867280024,0.8563217977162284,10.107702016830444
1,mixstyle,0,2,0.846450784,0.18748284315109254,0.73596,0.6922180258311186,0.8571237327303239,10.841609477996826
1,probe_resnet50,0,3,0.9298729856000001,0.02778648920297623,0.84852,0.8435576486140373,0.9320827456489429,21.544348001480103
1,sam,0,2,0.8588653952,0.2440974367380142,0.69188,0.573689744866899,0.8634289047579518,15.8233003616333
1,sam,1,2,0.8580098048,0.2325488173055649,0.69696,0.5946929167558314,0.8566420744394186,15.864911556243896
1,sam,2,2,0.8575447488,0.23068898921012876,0.702,0.6137094265270144,0.8499975563160085,16.887389659881592
1,ssl,0,1,0.9148202528,0.05686563076496129,0.8384,0.8357723577235773,0.9085613226073803,10.152753353118896
1,ssl,1,3,0.888625264,0.17434319424390793,0.73976,0.6709155285786546,0.8734665830192447,9.95685863494873
1,ssl,2,3,0.8948676032,0.1346018172430992,0.76556,0.720518811692337,0.8937343347165737,11.530157566070557
1,ssl_sam,0,1,0.9105992864,0.07434309746026996,0.82364,0.8106668956928759,0.9013614756567428,15.765410661697388
1,ssl_sam,1,3,0.8838656576,0.15426176166772848,0.7546,0.702343408859347,0.8687788846361881,15.718741416931152
1,ssl_sam,2,1,0.8860421119999999,0.12106505732774732,0.76364,0.7268524938750982,0.8675040097924077,17.40114712715149
2,baseline,0,2,0.8189836384,0.17457333136320113,0.75488,0.7104790702069357,0.8283846516658393,10.15351676940918
2,baseline,1,4,0.7423450944000001,0.38659823315858843,0.53416,0.20276560788608983,0.6808334446389924,11.312676668167114
2,baseline,2,1,0.6107847935999999,0.4629943010544777,0.46988,0.11131227787836116,0.5226641967249052,11.165640592575073
2,coral,0,2,0.7872382367999999,0.19744856066703795,0.72368,0.7020101803123113,0.766874887416258,12.039158344268799
2,groupdro,0,2,0.6897854656,0.2955456463384628,0.59836,0.4521796060887119,0.672530935073282,11.193214178085327
2,irm,0,2,0.6725784096,0.46335517043590546,0.4982,0.020457562270633247,0.5772802227240571,12.731924295425415
2,macenko,0,3,0.8007062272,0.25297218408584593,0.67172,0.5408157556090192,0.8119216821586227,10.36953592300415
2,mixstyle,0,5,0.7719861056,0.4062008747744561,0.53488,0.14975138929511553,0.7638454681915237,10.839844465255737
2,probe_resnet50,0,5,0.9519102688000001,0.02342469583034514,0.88492,0.8873399381289893,0.9642427035892547,22.4872784614563
2,sam,0,2,0.8694761696,0.39096700004816054,0.53844,0.1445622358959152,0.8920113089812934,15.83618688583374
2,sam,1,3,0.7850356352,0.2172017109274864,0.683,0.5987951197286489,0.7595264474282823,17.60225510597229
2,sam,2,2,0.7426903584,0.33741207661151884,0.58084,0.286414708886619,0.765663099422211,17.307941198349
2,ssl,0,5,0.882191424,0.25990467720746996,0.663,0.4986014402190085,0.8919258890215368,10.16466498374939
2,ssl,1,1,0.9673661311999998,0.01026218438863757,0.91864,0.9172295922519736,0.972909098969075,12.03109622001648
2,ssl,2,2,0.8882591712000001,0.1946968315625191,0.68316,0.5479139318532047,0.8924922637291994,11.70906400680542
2,ssl_sam,0,5,0.968387232,0.04138111207962039,0.89836,0.8879580228405133,0.975857324893371,15.750044345855713
2,ssl_sam,1,1,0.9711868064,0.008846484405994438,0.92688,0.9246930872538519,0.9771354769613462,17.55933165550232
2,ssl_sam,2,2,0.9666104352,0.04274435763835906,0.86376,0.8437184546205377,0.9738108966684831,17.388380527496338
3,baseline,0,3,0.948346272,0.024493689839839912,0.89024,0.8849379402884938,0.9469230136865673,19.673303604125977
3,baseline,1,3,0.8724525696,0.0841410185742378,0.7518,0.6988887271315573,0.8467270046020655,11.190566778182983
3,baseline,2,3,0.90459896,0.041366746308803555,0.8218,0.801355508984706,0.9134372995912814,10.149686574935913
3,coral,0,3,0.9203377087999999,0.07207736985683444,0.8242,0.7972131223180916,0.921127477499592,14.169007062911987
3,groupdro,0,3,0.8976680704,0.08167591614484787,0.81056,0.7888918605687796,0.8906667809530247,12.959271430969238
3,irm,0,2,0.6894451551999999,0.16602470326423646,0.61852,0.4195727588095673,0.7286734859692476,15.983937501907349
3,macenko,0,4,0.951212992,0.01577066355705261,0.88988,0.8914474981270455,0.9577260028907848,10.286255359649658
3,mixstyle,0,2,0.9524147040000001,0.04101039282083513,0.89692,0.8987306951703541,0.961424035513881,12.74622917175293
3,probe_resnet50,0,6,0.9685449695999999,0.0113495678329468,0.91976,0.9200605722483463,0.9764618848243887,22.381969213485718
3,sam,0,4,0.9080467424,0.02035424534797669,0.8152,0.7858334878546264,0.9125178366612853,18.33583664894104
3,sam,1,3,0.8639623999999999,0.07400603168964388,0.75348,0.7006363238937193,0.8642595417000631,17.57310938835144
3,sam,2,1,0.40656965759999997,0.37651205713033675,0.50208,0.1177888022678951,0.4527624187550462,15.93165397644043
3,ssl,0,2,0.9706525472,0.02704824544429779,0.91468,0.9156616978371753,0.9760305643507583,10.365046739578247
3,ssl,1,3,0.965820048,0.013422241187095629,0.91096,0.9076808228268082,0.9721366083549068,12.152316093444824
3,ssl,2,1,0.9295405919999999,0.017706170763969416,0.86912,0.8623938094036504,0.9431328171270028,9.967900514602661
3,ssl_sam,0,4,0.9359466879999999,0.026424950375556967,0.86732,0.8525581188602925,0.9491400543560606,17.42745614051819
3,ssl_sam,1,4,0.962579808,0.011278200087547284,0.9156,0.9121272696984841,0.9712361541880101,17.867361783981323
3,ssl_sam,2,3,0.9592008096,0.019943120465278612,0.90504,0.9056063618290259,0.9679231448691024,15.867659330368042
4,baseline,0,5,0.8638223936,0.12150045630693436,0.77716,0.7846457149483939,0.8554808650730543,19.542022466659546
4,baseline,1,4,0.6745820895999999,0.26304965149641035,0.64136,0.6970945945945946,0.6466022076570916,9.854315280914307
4,baseline,2,5,0.814761808,0.22388666640043262,0.69436,0.7433925512979817,0.8182702953778324,9.875524759292603
4,coral,0,3,0.6830806048,0.2659740522766113,0.61024,0.6284886380966905,0.6781313381729852,14.477850198745728
4,groupdro,0,4,0.7367002272000001,0.26961125866174696,0.66764,0.7399129808745735,0.698820498749088,13.077597856521606
4,irm,0,4,0.745724496,0.19470934595108028,0.68928,0.730726566833056,0.7132794657149932,15.736785650253296
4,macenko,0,3,0.6599497248,0.41168115668535227,0.5456,0.17859725234996385,0.6633114886336503,9.798194169998169
4,mixstyle,0,1,0.8705547424,0.276902809536457,0.65748,0.7419928289493507,0.83542637739495,12.240117073059082
4,sam,0,4,0.8998266335999999,0.09369981678009034,0.81064,0.8283414315758938,0.8927841249553361,17.986375093460083
4,sam,1,4,0.8203758848,0.1903670375967026,0.72036,0.7632336505571172,0.8129755953953535,15.666137218475342
4,sam,2,4,0.7695071392,0.22110600671052927,0.68536,0.7396054025423728,0.7607739960362403,15.753180265426636
4,ssl,0,4,0.9530903552,0.04552344916105268,0.8802,0.8755867569476177,0.9500847911861512,11.151246786117554
4,ssl,1,2,0.9297689664000001,0.032932317347526566,0.8714,0.8756719130670173,0.88489857615434,9.79614806175232
4,ssl,2,5,0.9604094752000001,0.045757393457889525,0.8926,0.8872180451127819,0.9532156944500467,9.87116003036499
4,ssl_sam,0,1,0.9397781152,0.013536955559253668,0.86576,0.8747480779278943,0.9248007782039435,17.431761264801025
4,ssl_sam,1,4,0.9328950112000001,0.04190902024507524,0.86716,0.8693188525557786,0.9047239783532844,15.593027114868164
4,ssl_sam,2,4,0.9556675136,0.019042249770164513,0.88772,0.8823603369515108,0.9438675245250732,15.86122727394104
