key,cohort_a,cohort_b,n_arms,tau_b,ci,boot_median,p,same_task,same_shift
worst,c17,canine,20,0.5052631578947369,"[0.3263157894736842, 0.5894736842105264]",0.4736842105263158,0.0014273106487188694,True,False
worst,c17,midog21sn,20,0.1473684210526316,"[-0.042105263157894736, 0.24210526315789474]",0.10526315789473685,0.3858571513151256,False,False
worst,c17,midogpp,20,0.042105263157894736,"[-0.09473684210526316, 0.1473684210526316]",0.031578947368421054,0.8226828854421667,False,True
worst,canine,midog21sn,20,0.22105263157894736,"[0.11578947368421053, 0.28421052631578947]",0.2105263157894737,0.18588304288709082,False,True
worst,canine,midogpp,20,-0.052631578947368425,"[-0.19999999999999998, 0.0]",-0.09473684210526316,0.7732194749063227,False,False
worst,midog21sn,midogpp,20,0.5157894736842106,"[0.3684210526315789, 0.5789473684210527]",0.4842105263157895,0.0010995222054334826,True,False
mean,c17,canine,20,0.5578947368421052,"[0.3684210526315789, 0.6210526315789474]",0.5052631578947369,0.00035899561704050146,True,False
mean,c17,midog21sn,20,0.18947368421052632,"[0.021052631578947368, 0.2736842105263158]",0.1473684210526316,0.2598399893189163,False,False
mean,c17,midogpp,20,0.28421052631578947,"[0.1473684210526316, 0.3368421052631579]",0.24210526315789474,0.08550171523715203,False,True
mean,canine,midog21sn,20,0.25263157894736843,"[0.17894736842105263, 0.3157894736842105]",0.25263157894736843,0.12841351117075267,False,True
mean,canine,midogpp,20,0.052631578947368425,"[0.0, 0.11578947368421053]",0.06315789473684211,0.7732194749063227,False,False
mean,midog21sn,midogpp,20,0.5473684210526316,"[0.4631578947368421, 0.6000000000000001]",0.5263157894736842,0.00048057549205802254,True,False
